{
  "responseHeader":{
    "status":0,
    "QTime":1,
    "params":{
      "q":"address:*",
      "indent":"on",
      "fl":"business_id,latitude,longitude,state,city,stars,review_count,name",
      "fq":["city: Gilbert",
        "review_count:[100 TO *]",
        "stars:5"],
      "rows":"10",
      "wt":"json",
      "_":"1491988986737"}},
  "response":{"numFound":5,"start":0,"docs":[
      {
        "business_id":["GpVk87Zw6IGXq5pPcuF7Sg"],
        "name":["Bare Necessity Wax & Spa"],
        "city":["Gilbert"],
        "state":["AZ"],
        "latitude":[33.344063],
        "longitude":[-111.788924],
        "stars":[5.0],
        "review_count":[108]},
      {
        "business_id":["w1fJzm0ladnhvT7Jc0MJ6w"],
        "name":["Executive Men's Grooming by Tony Starks"],
        "city":["Gilbert"],
        "state":["AZ"],
        "latitude":[33.333771529],
        "longitude":[-111.805938584],
        "stars":[5.0],
        "review_count":[225]},
      {
        "business_id":["LV4ywgu5h6un3AjHR0jv1A"],
        "name":["The Lash and Sugar Company"],
        "city":["Gilbert"],
        "state":["AZ"],
        "latitude":[33.310389],
        "longitude":[-111.7433993],
        "stars":[5.0],
        "review_count":[100]},
      {
        "business_id":["J__5TVwnEtNNAWOndZtJig"],
        "name":["Showcase Mobile Detailing Solutions, LLC"],
        "city":["Gilbert"],
        "state":["AZ"],
        "latitude":[33.3721825],
        "longitude":[-111.8218116],
        "stars":[5.0],
        "review_count":[109]},
      {
        "business_id":["407jyweZL39-WScJazVBMQ"],
        "name":["Fox Cigar Bar"],
        "city":["Gilbert"],
        "state":["AZ"],
        "latitude":[33.3074641],
        "longitude":[-111.7585504],
        "stars":[5.0],
        "review_count":[134]},
        {
              "business_id":["RfsMUrGUJdrpfrU54rmEsQ"],
              "name":["Cuisine & Wine Bistro - Gilbert"],
              "city":["Gilbert"],
              "state":["AZ"],
              "latitude":[33.3359724],
              "longitude":[-111.8212295],
              "stars":[4.5],
              "review_count":[127]},
            {
              "business_id":["K6u-k0Z4OmQhHNPSxk3vvA"],
              "name":["Touch of Tranquility Massage"],
              "city":["Gilbert"],
              "state":["AZ"],
              "latitude":[33.3008293269],
              "longitude":[-111.756037697],
              "stars":[4.5],
              "review_count":[111]},
            {
              "business_id":["7qo6rqDjlHds8ObxzxBD4A"],
              "name":["Brooklyn V's Pizza"],
              "city":["Gilbert"],
              "state":["AZ"],
              "latitude":[33.3369592],
              "longitude":[-111.7713379],
              "stars":[4.5],
              "review_count":[236]},
            {
              "business_id":["wZukjLaf1V2dLRQap_Zriw"],
              "name":["Postino East"],
              "city":["Gilbert"],
              "state":["AZ"],
              "latitude":[33.3551422],
              "longitude":[-111.789959],
              "stars":[4.5],
              "review_count":[728]},
            {
              "business_id":["W9y-Bl9030-rmfxSTmUD_g"],
              "name":["Simi's Cafe"],
              "city":["Gilbert"],
              "state":["AZ"],
              "latitude":[33.3788895537],
              "longitude":[-111.779750683],
              "stars":[4.5],
              "review_count":[370]}]


  }

}
