{
  "responseHeader":{
    "status":0,
    "QTime":3,
    "params":{
      "q":"address:*",
      "indent":"on",
      "fl":"business_id,latitude,longitude,state,city,stars,review_count,name",
      "fq":["city: Goodyear",
        "review_count:[100 TO *]",
        "stars:4.5"],
      "rows":"10",
      "wt":"json",
      "_":"1491988986737"}},
  "response":{"numFound":3,"start":0,"docs":[
      {
        "business_id":["1aVqiz43klXaFJUUx0H5fw"],
        "name":["Dutch Bros Coffee"],
        "city":["Goodyear"],
        "state":["AZ"],
        "latitude":[33.4860879291],
        "longitude":[-112.364484103],
        "stars":[4.5],
        "review_count":[150]},
      {
        "business_id":["-fSW_9x8c_wTm1zS4dz3rw"],
        "name":["Express Donuts"],
        "city":["Goodyear"],
        "state":["AZ"],
        "latitude":[33.4651361],
        "longitude":[-112.356396],
        "stars":[4.5],
        "review_count":[142]},
      {
        "business_id":["_VIIuz9CAt68Hb54hQmpXA"],
        "name":["Ada's Fish Fry"],
        "city":["Goodyear"],
        "state":["AZ"],
        "latitude":[33.49234],
        "longitude":[-112.38023],
        "stars":[4.5],
        "review_count":[159]},
        {
              "business_id":["EAs61Wm1O6tLjCs8t2eP-Q"],
              "name":["Wok Wei Asian Cuisine"],
              "city":["Goodyear"],
              "state":["AZ"],
              "latitude":[33.4577293396],
              "longitude":[-112.393821716],
              "stars":[4.0],
              "review_count":[117]},
            {
              "business_id":["kPR47uxGqmQNIQkIZr2_Tg"],
              "name":["Black Bear Diner"],
              "city":["Goodyear"],
              "state":["AZ"],
              "latitude":[33.4565552136],
              "longitude":[-112.341608594],
              "stars":[4.0],
              "review_count":[309]},
            {
              "business_id":["PJgNZN4UYLxP47cy_1c-DQ"],
              "name":["Taste of Italy"],
              "city":["Goodyear"],
              "state":["AZ"],
              "latitude":[33.4119474],
              "longitude":[-112.3934026],
              "stars":[4.0],
              "review_count":[112]},
            {
              "business_id":["HqlzinXIqYe7aDexEDwSBA"],
              "name":["Angry Crab Shack"],
              "city":["Goodyear"],
              "state":["AZ"],
              "latitude":[33.4502610986],
              "longitude":[-112.358918153],
              "stars":[4.0],
              "review_count":[207]},
            {
              "business_id":["EDa7_YfEB2HDOyxDMbipQA"],
              "name":["Barro's Pizza"],
              "city":["Goodyear"],
              "state":["AZ"],
              "latitude":[33.4625959],
              "longitude":[-112.3919462],
              "stars":[4.0],
              "review_count":[108]},
            {
              "business_id":["jUqCRsuGqwePkDKQ1fM6TA"],
              "name":["Sugar N Spice Coffee & Tea"],
              "city":["Goodyear"],
              "state":["AZ"],
              "latitude":[33.4926734],
              "longitude":[-112.380119],
              "stars":[4.0],
              "review_count":[114]},
            {
              "business_id":["UAE4XWXwlALJsq8yycmW5w"],
              "name":["Wildflower Bread Company"],
              "city":["Goodyear"],
              "state":["AZ"],
              "latitude":[33.4601147966],
              "longitude":[-112.359666714],
              "stars":[4.0],
              "review_count":[137]}]


  }

}
