{
  "responseHeader":{
    "status":0,
    "QTime":0,
    "params":{
      "q":"address:*",
      "indent":"on",
      "fl":"business_id,latitude,longitude,state,city,stars,review_count,name",
      "fq":["city: Mesa",
        "review_count:[100 TO *]",
        "stars:5"],
      "rows":"10",
      "wt":"json",
      "_":"1491988986737"}},
  "response":{"numFound":6,"start":0,"docs":[
      {
        "business_id":["SSCH4Z2gw-hh2KZy7aH4qw"],
        "name":["Worth Takeaway"],
        "city":["Mesa"],
        "state":["AZ"],
        "latitude":[33.4154308],
        "longitude":[-111.8374321],
        "stars":[5.0],
        "review_count":[164]},
      {
        "business_id":["ASg9gG8x4IaaYnePCBa2Kg"],
        "name":["Gelato Dolce Vita"],
        "city":["Mesa"],
        "state":["AZ"],
        "latitude":[33.437338],
        "longitude":[-111.7179321],
        "stars":[5.0],
        "review_count":[172]},
      {
        "business_id":["JO_hCJISMK3sz_RWhg2e0A"],
        "name":["Iss' Magic Mixes"],
        "city":["Mesa"],
        "state":["AZ"],
        "latitude":[33.3629331508],
        "longitude":[-111.87532436],
        "stars":[5.0],
        "review_count":[118]},
      {
        "business_id":["16d3BlncEyCTzb0GxXrBXQ"],
        "name":["Green Corner Restaurant"],
        "city":["Mesa"],
        "state":["AZ"],
        "latitude":[33.3944452],
        "longitude":[-111.8541979],
        "stars":[5.0],
        "review_count":[155]},
      {
        "business_id":["AbmwC69qKOhtstAWuXvLIg"],
        "name":["Lawson Family Plumbing"],
        "city":["Mesa"],
        "state":["AZ"],
        "latitude":[33.4159],
        "longitude":[-111.793652],
        "stars":[5.0],
        "review_count":[139]},
      {
        "business_id":["eem6eoAiYL9UcQUE0kMD-g"],
        "name":["Adrian's"],
        "city":["Mesa"],
        "state":["AZ"],
        "latitude":[33.4147889],
        "longitude":[-111.8529412],
        "stars":[5.0],
        "review_count":[169]},
        {
              "business_id":["EtZacHzJ2gw0V9Sdm2rLQA"],
              "name":["George's Gyros"],
              "city":["Mesa"],
              "state":["AZ"],
              "latitude":[33.4198793],
              "longitude":[-111.8394439],
              "stars":[4.5],
              "review_count":[113]},
            {
              "business_id":["tnG4_L5bZiffTbaFru9EBg"],
              "name":["Princess Mediterranean Market & Deli"],
              "city":["Mesa"],
              "state":["AZ"],
              "latitude":[33.407997],
              "longitude":[-111.887898],
              "stars":[4.5],
              "review_count":[241]},
            {
              "business_id":["PRUtZy3DUl4sPOisYfOAuw"],
              "name":["Gyro House Mesa"],
              "city":["Mesa"],
              "state":["AZ"],
              "latitude":[33.3922454],
              "longitude":[-111.7530435],
              "stars":[4.5],
              "review_count":[125]},
            {
              "business_id":["JN1hr0mtzva6eMU9qeAWsQ"],
              "name":["The Street Boba Café"],
              "city":["Mesa"],
              "state":["AZ"],
              "latitude":[33.3944172],
              "longitude":[-111.8754243],
              "stars":[4.5],
              "review_count":[219]}]


  }

}
