{
  "responseHeader":{
    "status":0,
    "QTime":0,
    "params":{
      "q":"address:*",
      "indent":"on",
      "fl":"business_id,latitude,longitude,state,city,stars,review_count,name",
      "fq":["city:Phoenix",
        "review_count:[100 TO *]",
        "stars:5"],
      "rows":"10",
      "wt":"json"}},
  "response":{"numFound":34,"start":0,"docs":[
      {
        "business_id":["NQtf94_0pNCBvcNTQESpOw"],
        "name":["Hays Cooling & Heating"],
        "city":["Phoenix"],
        "state":["AZ"],
        "latitude":[33.7117614746],
        "longitude":[-112.093017578],
        "stars":[5.0],
        "review_count":[174]},
      {
        "business_id":["uZkysgjMeC3UO03cPyBD2g"],
        "name":["Smooth Brew Coffee"],
        "city":["Phoenix"],
        "state":["AZ"],
        "latitude":[33.4655402],
        "longitude":[-112.0500298],
        "stars":[5.0],
        "review_count":[110]},
      {
        "business_id":["Xg5qEQiB-7L6kGJ5F4K3bQ"],
        "name":["Little Miss BBQ"],
        "city":["Phoenix"],
        "state":["AZ"],
        "latitude":[33.421587],
        "longitude":[-111.989088],
        "stars":[5.0],
        "review_count":[1083]},
      {
        "business_id":["GqGxERckGNoVxOfG0DVjHg"],
        "name":["Tuft & Needle"],
        "city":["Phoenix"],
        "state":["AZ"],
        "latitude":[33.4523379429],
        "longitude":[-112.083825881],
        "stars":[5.0],
        "review_count":[106]},
      {
        "business_id":["Nc7cqq5k0WZsVhu25QrmNQ"],
        "name":["Sun Valley Stereo"],
        "city":["Phoenix"],
        "state":["AZ"],
        "latitude":[33.480147],
        "longitude":[-112.020845],
        "stars":[5.0],
        "review_count":[101]},
      {
        "business_id":["4F8KZ0wJ264yARfAAebBBQ"],
        "name":["Puff & Fluff Grooming and Pet Sitting"],
        "city":["Phoenix"],
        "state":["AZ"],
        "latitude":[33.523126],
        "longitude":[-112.0469308],
        "stars":[5.0],
        "review_count":[167]},
      {
        "business_id":["2ompyGP88KzsQ6SY01d3tg"],
        "name":["Uptown Barbershop"],
        "city":["Phoenix"],
        "state":["AZ"],
        "latitude":[33.522710164],
        "longitude":[-112.048089213],
        "stars":[5.0],
        "review_count":[144]},
      {
        "business_id":["ndTgznMYNe0n26VqzecEKQ"],
        "name":["I Clean Carpets"],
        "city":["Phoenix"],
        "state":["AZ"],
        "latitude":[33.5018479894],
        "longitude":[-111.964966734],
        "stars":[5.0],
        "review_count":[275]},
      {
        "business_id":["Bv6-MOsh4jaL1bHOZpkKlg"],
        "name":["Dan's Window Tint"],
        "city":["Phoenix"],
        "state":["AZ"],
        "latitude":[33.637705348],
        "longitude":[-111.9828673],
        "stars":[5.0],
        "review_count":[147]},
      {
        "business_id":["Cd2ERofxOeCbCi-0yDs0aw"],
        "name":["Maria's Frybread & Mexican Food"],
        "city":["Phoenix"],
        "state":["AZ"],
        "latitude":[33.4797876515],
        "longitude":[-111.994970217],
        "stars":[5.0],
        "review_count":[158]}]
  }}
