{
  "responseHeader":{
    "status":0,
    "QTime":0,
    "params":{
      "q":"address:*",
      "indent":"on",
      "fl":"business_id,latitude,longitude,state,city,stars,review_count,name",
      "fq":["city: Scottsdale",
        "review_count:[100 TO *]",
        "stars:5"],
      "rows":"10",
      "wt":"json",
      "_":"1491988986737"}},
  "response":{"numFound":23,"start":0,"docs":[
      {
        "business_id":["ZZQEBmDRoGOuco_uUv1GfQ"],
        "name":["Zizzo Tailor Design Boutique"],
        "city":["Scottsdale"],
        "state":["AZ"],
        "latitude":[33.4813113],
        "longitude":[-111.9350847],
        "stars":[5.0],
        "review_count":[111]},
      {
        "business_id":["7anbmNh1V7mqgHVQYvd09g"],
        "name":["Cactus Window Tint"],
        "city":["Scottsdale"],
        "state":["AZ"],
        "latitude":[33.618688],
        "longitude":[-111.902162],
        "stars":[5.0],
        "review_count":[119]},
      {
        "business_id":["kR4NBNFf5SLpeAtZ-uPoPg"],
        "name":["That's Amore Gelato"],
        "city":["Scottsdale"],
        "state":["AZ"],
        "latitude":[33.6967596],
        "longitude":[-111.9160606],
        "stars":[5.0],
        "review_count":[177]},
      {
        "business_id":["zMGhQqA1Hho808BuQr9I6A"],
        "name":["Mozaik Skin & Body"],
        "city":["Scottsdale"],
        "state":["AZ"],
        "latitude":[33.5837032],
        "longitude":[-111.8837393],
        "stars":[5.0],
        "review_count":[121]},
      {
        "business_id":["sBm7kXdd63sIv-Ib3bp1MQ"],
        "name":["New Serenity Spa - Facial and Massage in Scottsdale"],
        "city":["Scottsdale"],
        "state":["AZ"],
        "latitude":[33.6274183978],
        "longitude":[-111.891445667],
        "stars":[5.0],
        "review_count":[154]},
      {
        "business_id":["41H6zhehn6vY_b0f2JPuwA"],
        "name":["The Lash & Sugar Company"],
        "city":["Scottsdale"],
        "state":["AZ"],
        "latitude":[33.4952314],
        "longitude":[-111.9292997],
        "stars":[5.0],
        "review_count":[124]},
      {
        "business_id":["xiT9ZAnbEOwk_dn4SkW4fQ"],
        "name":["Off Camber Studios"],
        "city":["Scottsdale"],
        "state":["AZ"],
        "latitude":[33.5786004],
        "longitude":[-111.9257806],
        "stars":[5.0],
        "review_count":[114]},
      {
        "business_id":["g2qBncrNraG9NLRA5Om1zA"],
        "name":["The Bronze Bar"],
        "city":["Scottsdale"],
        "state":["AZ"],
        "latitude":[33.4946448],
        "longitude":[-111.913822],
        "stars":[5.0],
        "review_count":[147]},
      {
        "business_id":["zdFqaUk76GAWsDZgPSWG-A"],
        "name":["The Hill Group"],
        "city":["Scottsdale"],
        "state":["AZ"],
        "latitude":[33.553448],
        "longitude":[-111.897494],
        "stars":[5.0],
        "review_count":[101]},
      {
        "business_id":["xiNJk32NYbXdL-T3PzE3lQ"],
        "name":["Salon D'Shayn"],
        "city":["Scottsdale"],
        "state":["AZ"],
        "latitude":[33.4991492],
        "longitude":[-111.9230629],
        "stars":[5.0],
        "review_count":[239]}]
  }}
