{
  "responseHeader":{
    "status":0,
    "QTime":2,
    "params":{
      "q":"categories:Indian",
      "indent":"on",
      "fl":"business_id,stars,review_count,latitude,longitude",
      "fq":"state:AZ",
      "rows":"9750",
      "wt":"json"}},
  "response":{"numFound":121,"start":0,"docs":[
      {
        "business_id":["q-pjLY1R98QTUZY2pbbsxw"],
        "latitude":[33.3362723],
        "longitude":[-111.8219235],
        "stars":[4.0],
        "review_count":[48]},
      {
        "business_id":["9MayJXMBLipjf8B_lEb6fA"],
        "latitude":[33.3350307],
        "longitude":[-111.877439],
        "stars":[2.5],
        "review_count":[5]},
      {
        "business_id":["VdlPZg2NAu8t8GkdbPLecg"],
        "latitude":[33.5552118623],
        "longitude":[-111.900456296],
        "stars":[3.5],
        "review_count":[230]},
      {
        "business_id":["8ZcZvOcUZ3nT0Q5LvHwQEA"],
        "latitude":[33.3350308],
        "longitude":[-111.877431],
        "stars":[4.0],
        "review_count":[7]},
      {
        "business_id":["Yoc9_4sv6AT1AIohPPiGbA"],
        "latitude":[33.4214242],
        "longitude":[-111.924865],
        "stars":[3.5],
        "review_count":[31]},
      {
        "business_id":["-8QlV3b_9H4BAh6LgMIr1g"],
        "latitude":[33.406601],
        "longitude":[-111.9075196],
        "stars":[4.0],
        "review_count":[353]},
      {
        "business_id":["b5J-EUKzmzj8U29Q6miV6Q"],
        "latitude":[33.6367211],
        "longitude":[-112.1836222],
        "stars":[3.0],
        "review_count":[66]},
      {
        "business_id":["o2Qh4SiGYJ7BK4hP7dfkrw"],
        "latitude":[33.6557032],
        "longitude":[-112.1527765],
        "stars":[4.0],
        "review_count":[170]},
      {
        "business_id":["MJlq5AuCkRjz31sKspxp1g"],
        "latitude":[33.6552729091],
        "longitude":[-112.098215773],
        "stars":[3.0],
        "review_count":[60]},
      {
        "business_id":["A029GQG1S3ekPit6cObcBA"],
        "latitude":[33.3492557],
        "longitude":[-111.8223441],
        "stars":[4.0],
        "review_count":[90]},
      {
        "business_id":["skKvWc8KwSAhj5Zf_pe7Dg"],
        "latitude":[33.304861],
        "longitude":[-111.927065],
        "stars":[3.5],
        "review_count":[25]},
      {
        "business_id":["eJab5373h0eZiOYnMPG4dg"],
        "latitude":[33.5026383],
        "longitude":[-112.0470936],
        "stars":[3.5],
        "review_count":[205]},
      {
        "business_id":["vFnzV9uy9nEXFQgkSuv_AQ"],
        "latitude":[33.6398283],
        "longitude":[-112.0472243],
        "stars":[2.0],
        "review_count":[23]},
      {
        "business_id":["UBj-25LU5dxJ9meb-TPc9w"],
        "latitude":[33.3774325],
        "longitude":[-111.9069189],
        "stars":[3.5],
        "review_count":[95]},
      {
        "business_id":["x3-d_7Bgj4sYVks1xiq8kQ"],
        "latitude":[33.575816],
        "longitude":[-111.926234],
        "stars":[3.0],
        "review_count":[141]},
      {
        "business_id":["Qfn9qbWKPsfkFZDQzw7kCQ"],
        "latitude":[33.6390426],
        "longitude":[-112.1516293],
        "stars":[3.5],
        "review_count":[19]},
      {
        "business_id":["h-psPOmlY0mCOflb3S3rdQ"],
        "latitude":[33.6404404],
        "longitude":[-112.1200308],
        "stars":[3.0],
        "review_count":[124]},
      {
        "business_id":["ZqmUmrXkwihgPFjMCYh_Mg"],
        "latitude":[33.3216018],
        "longitude":[-111.9128876],
        "stars":[2.5],
        "review_count":[6]},
      {
        "business_id":["uaFhlzoJbiqlnkUgfSjpdA"],
        "latitude":[33.349118],
        "longitude":[-111.944979],
        "stars":[3.0],
        "review_count":[60]},
      {
        "business_id":["K4isdrdwV3GbI52Bv2Wq6g"],
        "latitude":[33.6391935],
        "longitude":[-112.0121148],
        "stars":[3.5],
        "review_count":[148]},
      {
        "business_id":["3lnfKVlzB7tbAtQsEvMQbQ"],
        "latitude":[33.4555863531],
        "longitude":[-112.073546222],
        "stars":[2.0],
        "review_count":[4]},
      {
        "business_id":["IaJ8ZCKxKFzgNoIFNCc0YQ"],
        "latitude":[33.3307646],
        "longitude":[-111.9813995],
        "stars":[2.5],
        "review_count":[7]},
      {
        "business_id":["X9sDrd6Uia0uQFFKwwQcJg"],
        "latitude":[33.381279],
        "longitude":[-111.724162],
        "stars":[3.5],
        "review_count":[13]},
      {
        "business_id":["Fl-ToG3j9jVBY43NOmCOkA"],
        "latitude":[33.4662738],
        "longitude":[-111.9004743],
        "stars":[4.0],
        "review_count":[12]},
      {
        "business_id":["TAnzFr9NixvCbvUdJMWL5Q"],
        "latitude":[33.6377067324],
        "longitude":[-112.153850378],
        "stars":[3.5],
        "review_count":[28]},
      {
        "business_id":["yet0Pww_ouW49T7V41ecSw"],
        "latitude":[33.415079],
        "longitude":[-111.905095],
        "stars":[4.0],
        "review_count":[469]},
      {
        "business_id":["jb0-JZMt-6Khsh-VwsDtLQ"],
        "latitude":[33.6382915146],
        "longitude":[-111.981110191],
        "stars":[3.5],
        "review_count":[22]},
      {
        "business_id":["Lp9p3CanKJdqRekIwRNJ7Q"],
        "latitude":[33.5651494],
        "longitude":[-111.9152929],
        "stars":[4.0],
        "review_count":[27]},
      {
        "business_id":["Iqu-RwRA4XfwILKQLKQZew"],
        "latitude":[33.4223217],
        "longitude":[-111.9257103],
        "stars":[3.5],
        "review_count":[26]},
      {
        "business_id":["tV5PcOIFlB12dpcbCy78VA"],
        "latitude":[33.3916092],
        "longitude":[-111.787729],
        "stars":[4.5],
        "review_count":[523]},
      {
        "business_id":["LFfYe-hh1NKFtUKV3LUgfg"],
        "latitude":[33.6222859533],
        "longitude":[-111.904171575],
        "stars":[4.0],
        "review_count":[201]},
      {
        "business_id":["h1MxTLZ1b2FkU6ituL1yHA"],
        "latitude":[33.406601],
        "longitude":[-111.9075196],
        "stars":[3.5],
        "review_count":[99]},
      {
        "business_id":["UBv8heCQR0RPnUQG0zkXIQ"],
        "latitude":[33.4153283],
        "longitude":[-111.9182786],
        "stars":[3.5],
        "review_count":[18]},
      {
        "business_id":["iE71iwcSljg3xm2GB2Y9aA"],
        "latitude":[33.5986308836],
        "longitude":[-111.978371822],
        "stars":[4.5],
        "review_count":[288]},
      {
        "business_id":["zNGYsFeG_7XEBodbtfux5Q"],
        "latitude":[33.4942209],
        "longitude":[-112.0304976],
        "stars":[4.0],
        "review_count":[208]},
      {
        "business_id":["li6HgKl6mEhZpdMgAIQoOQ"],
        "latitude":[33.4516878],
        "longitude":[-112.0686337],
        "stars":[3.0],
        "review_count":[24]},
      {
        "business_id":["c_ZDTkfDlfzLm0a3osk1ow"],
        "latitude":[33.640376],
        "longitude":[-112.111654],
        "stars":[3.5],
        "review_count":[23]},
      {
        "business_id":["bO_JX-lDo5D5JGZhK5Ly3A"],
        "latitude":[33.304861],
        "longitude":[-111.927065],
        "stars":[3.0],
        "review_count":[55]},
      {
        "business_id":["ZBF80rNCePZyv9HbmaRBNQ"],
        "latitude":[33.2324404],
        "longitude":[-111.8569985],
        "stars":[4.5],
        "review_count":[23]},
      {
        "business_id":["3wJ4kJsJhayyfJ30HsS04g"],
        "latitude":[33.3350307],
        "longitude":[-111.877439],
        "stars":[3.0],
        "review_count":[23]},
      {
        "business_id":["yfHYCkQaupRzWU8FIgxUPg"],
        "latitude":[33.3033358617],
        "longitude":[-111.99444119],
        "stars":[4.0],
        "review_count":[133]},
      {
        "business_id":["ezDMJGONUEy1DyGSJ3vUJw"],
        "latitude":[33.362719],
        "longitude":[-111.8761389],
        "stars":[3.5],
        "review_count":[31]},
      {
        "business_id":["TElfyEowMFTPR1gAwMLcNQ"],
        "latitude":[33.3336727],
        "longitude":[-111.8608534],
        "stars":[3.5],
        "review_count":[30]},
      {
        "business_id":["biVQDp3K_vNP1eK5wGZOJg"],
        "latitude":[33.3496649],
        "longitude":[-111.9475189],
        "stars":[3.5],
        "review_count":[128]},
      {
        "business_id":["7BIbvCkI7AXQMVC1-DHpCA"],
        "latitude":[33.333854],
        "longitude":[-111.9123807],
        "stars":[3.0],
        "review_count":[18]},
      {
        "business_id":["AgnnYOtOmSr3W_vUmSIeaw"],
        "latitude":[33.2324404],
        "longitude":[-111.8569985],
        "stars":[4.0],
        "review_count":[8]},
      {
        "business_id":["wQoAm1mFpDWZyY4WU_DnyA"],
        "latitude":[33.3336827],
        "longitude":[-111.8775741],
        "stars":[3.0],
        "review_count":[7]},
      {
        "business_id":["07ZateHZK5iqMxNs3g3r6Q"],
        "latitude":[33.3341503],
        "longitude":[-111.8592314],
        "stars":[4.0],
        "review_count":[20]},
      {
        "business_id":["Z26rkqiC1d0Se96VrDdyhQ"],
        "latitude":[33.2664407],
        "longitude":[-111.8210866],
        "stars":[3.5],
        "review_count":[3]},
      {
        "business_id":["GJTQ0dgQ2BTkbRw2jLE0Fw"],
        "latitude":[33.6393732],
        "longitude":[-112.179954],
        "stars":[3.5],
        "review_count":[191]},
      {
        "business_id":["DKusRJUxgsye1cdrlGgQOg"],
        "latitude":[33.4480887488],
        "longitude":[-111.926883366],
        "stars":[4.0],
        "review_count":[231]},
      {
        "business_id":["Dd1w7xR7Xs3bthwusgy33Q"],
        "latitude":[33.3777544],
        "longitude":[-111.859699],
        "stars":[4.0],
        "review_count":[28]},
      {
        "business_id":["Hgo9WB-uyx_iD3Vjk2lZnA"],
        "latitude":[33.4659236],
        "longitude":[-111.9722278],
        "stars":[2.5],
        "review_count":[5]},
      {
        "business_id":["q7T-qCW0WLemnnLt88OuWQ"],
        "latitude":[33.4497941],
        "longitude":[-111.9264325],
        "stars":[4.0],
        "review_count":[7]},
      {
        "business_id":["j2PzhhWYgRNZ5ZgOcp7X8Q"],
        "latitude":[33.3359514],
        "longitude":[-111.821208],
        "stars":[3.0],
        "review_count":[4]},
      {
        "business_id":["x1GM1mzeDx4ARUGKV8n98Q"],
        "latitude":[33.8324219],
        "longitude":[-111.9346658],
        "stars":[4.5],
        "review_count":[56]},
      {
        "business_id":["GiDPLKtTfNHTb0koEWIz2g"],
        "latitude":[33.3215399],
        "longitude":[-111.9275344],
        "stars":[4.0],
        "review_count":[157]},
      {
        "business_id":["Gtw-SpnhyNa0TwNETlysyw"],
        "latitude":[33.4497753],
        "longitude":[-111.9264329],
        "stars":[3.5],
        "review_count":[28]},
      {
        "business_id":["0zTLMQOZhiCp9GFtegiFsw"],
        "latitude":[33.4167343],
        "longitude":[-111.9220042],
        "stars":[4.0],
        "review_count":[187]},
      {
        "business_id":["kzqx6Z2sse8PV3hVCVEw4g"],
        "latitude":[33.5839404],
        "longitude":[-111.9787698],
        "stars":[3.5],
        "review_count":[141]},
      {
        "business_id":["feFckrNF9-QzGrY4T9dAvQ"],
        "latitude":[33.4167677],
        "longitude":[-111.9222221],
        "stars":[3.0],
        "review_count":[9]},
      {
        "business_id":["Oh_mShbdmaoRX8iZVdE0vw"],
        "latitude":[33.6011167],
        "longitude":[-111.9834389],
        "stars":[3.5],
        "review_count":[11]},
      {
        "business_id":["gotvSVEaPn_qHasAU33ejg"],
        "latitude":[33.3336827],
        "longitude":[-111.8775741],
        "stars":[4.5],
        "review_count":[117]},
      {
        "business_id":["i0vXeFOD6e-DZ8cBwxaQRQ"],
        "latitude":[33.6420951],
        "longitude":[-112.2256801],
        "stars":[5.0],
        "review_count":[28]},
      {
        "business_id":["zKSKmkBxfrltJau_4s1ZHA"],
        "latitude":[33.6240442],
        "longitude":[-112.1861347],
        "stars":[4.5],
        "review_count":[33]},
      {
        "business_id":["2ZmZbmsTRHogSZR-nJY_Fw"],
        "latitude":[33.3287709],
        "longitude":[-111.8690996],
        "stars":[3.5],
        "review_count":[26]},
      {
        "business_id":["bXFWLSQptjB5SUMyZxprfg"],
        "latitude":[33.3048389],
        "longitude":[-111.9490143],
        "stars":[3.5],
        "review_count":[50]},
      {
        "business_id":["SaAtDmMKN_B5-8d-n5X86w"],
        "latitude":[33.6555731287],
        "longitude":[-112.134332952],
        "stars":[3.5],
        "review_count":[11]},
      {
        "business_id":["QT4Ub4DlaDX52vdnKutD0A"],
        "latitude":[33.4153283],
        "longitude":[-111.9182786],
        "stars":[3.5],
        "review_count":[44]},
      {
        "business_id":["6P4ZzCdd_YQqncnQv1jplQ"],
        "latitude":[33.5825378],
        "longitude":[-111.9290887],
        "stars":[3.5],
        "review_count":[47]},
      {
        "business_id":["U-C7FKpKMdt9VOTXcmS4Hw"],
        "latitude":[33.2324404],
        "longitude":[-111.8569985],
        "stars":[4.0],
        "review_count":[84]},
      {
        "business_id":["-s_U95xEEmJu5GK-srqpUA"],
        "latitude":[33.3774032593],
        "longitude":[-111.908622742],
        "stars":[3.5],
        "review_count":[214]},
      {
        "business_id":["1LdvubOnn7Uf_xDpc5JcMA"],
        "latitude":[33.640558],
        "longitude":[-112.093723],
        "stars":[3.0],
        "review_count":[3]},
      {
        "business_id":["yy_FhzQCeLreV21OBccPAg"],
        "latitude":[33.3188945913],
        "longitude":[-111.860549301],
        "stars":[4.5],
        "review_count":[17]},
      {
        "business_id":["tt1ERGD9RSfQIwX2ANyJ1g"],
        "latitude":[33.5984581],
        "longitude":[-111.9794097],
        "stars":[3.0],
        "review_count":[35]},
      {
        "business_id":["Mv6ripiINornDXI07VPaLA"],
        "latitude":[33.3775851],
        "longitude":[-112.1733455],
        "stars":[3.0],
        "review_count":[44]},
      {
        "business_id":["GtrrBtrfZgvqGF930JwYOg"],
        "latitude":[33.3195331],
        "longitude":[-111.8592616],
        "stars":[4.0],
        "review_count":[77]},
      {
        "business_id":["6z8izreEJW6bSAmBBwdPdA"],
        "latitude":[33.3223],
        "longitude":[-111.8767],
        "stars":[3.0],
        "review_count":[8]},
      {
        "business_id":["H4AvltDM9QY8Up8z-ybUyQ"],
        "latitude":[33.582486],
        "longitude":[-111.8923957],
        "stars":[3.5],
        "review_count":[119]},
      {
        "business_id":["PvufhE6-sy2pCTQu9yvjiw"],
        "latitude":[33.6558818],
        "longitude":[-112.1339155],
        "stars":[4.5],
        "review_count":[39]},
      {
        "business_id":["hL3LFrwR1UQ-d0CcYF73Sg"],
        "latitude":[33.3048389],
        "longitude":[-111.9490143],
        "stars":[3.5],
        "review_count":[8]},
      {
        "business_id":["jG46RAFm2kWshUIZ4HoJtg"],
        "latitude":[33.6417888],
        "longitude":[-111.9947311],
        "stars":[3.0],
        "review_count":[11]},
      {
        "business_id":["2GryItAj3e0uOQ5m42-wDg"],
        "latitude":[33.6401217],
        "longitude":[-112.1116606],
        "stars":[3.5],
        "review_count":[94]},
      {
        "business_id":["aRRV_ZbRiD65SIi7vAY-iA"],
        "latitude":[33.6264184],
        "longitude":[-112.0132464],
        "stars":[1.0],
        "review_count":[3]},
      {
        "business_id":["x_SK4kvfWdCDDBmA_ErxqA"],
        "latitude":[33.3773276],
        "longitude":[-111.9086062],
        "stars":[3.0],
        "review_count":[35]},
      {
        "business_id":["wMN68wTTlu8hADAF3FkKTw"],
        "latitude":[33.4970886],
        "longitude":[-111.927495],
        "stars":[4.5],
        "review_count":[135]},
      {
        "business_id":["hDaookbWWFR3bEm-1_orrw"],
        "latitude":[33.465357],
        "longitude":[-112.35646],
        "stars":[3.5],
        "review_count":[21]},
      {
        "business_id":["daI7_EpE3ZrkEZEt2qdTBQ"],
        "latitude":[33.3070886538],
        "longitude":[-111.899664372],
        "stars":[3.5],
        "review_count":[74]},
      {
        "business_id":["6aDfalYZOkWzwtVRA2wYaA"],
        "latitude":[33.466978],
        "longitude":[-111.9959254],
        "stars":[4.5],
        "review_count":[21]},
      {
        "business_id":["muzZW1AqlfdWGMND0jf_kw"],
        "latitude":[33.466978],
        "longitude":[-111.9959254],
        "stars":[4.5],
        "review_count":[67]},
      {
        "business_id":["GdPWJo3z4ySEXpF7Wkn3FA"],
        "latitude":[33.4153102],
        "longitude":[-111.9199826],
        "stars":[3.5],
        "review_count":[409]},
      {
        "business_id":["UuEfwtPMT9W9tgDmI4o7tQ"],
        "latitude":[33.391115624],
        "longitude":[-112.167866224],
        "stars":[4.0],
        "review_count":[46]},
      {
        "business_id":["0oOTrzxhO3FxHqmeZuC3mw"],
        "latitude":[33.6382898],
        "longitude":[-112.1356862],
        "stars":[3.5],
        "review_count":[4]},
      {
        "business_id":["_nmOWqgx_KdLrj5pehDQmg"],
        "latitude":[33.467014],
        "longitude":[-111.995926],
        "stars":[4.5],
        "review_count":[23]},
      {
        "business_id":["VCYhWAkuxl2Irj_vgnraYw"],
        "latitude":[33.4502544],
        "longitude":[-111.9255745],
        "stars":[3.5],
        "review_count":[64]},
      {
        "business_id":["33yClygMVQZb5y9WgOCHLA"],
        "latitude":[33.4669616],
        "longitude":[-111.9959631],
        "stars":[4.0],
        "review_count":[32]},
      {
        "business_id":["UwIsqUFQBDMNofkTrAP_pw"],
        "latitude":[33.3048103],
        "longitude":[-111.9270642],
        "stars":[3.5],
        "review_count":[79]},
      {
        "business_id":["IUTU_8qM7M8j9A1TbmMjYA"],
        "latitude":[33.4153291],
        "longitude":[-111.9185086],
        "stars":[4.0],
        "review_count":[146]},
      {
        "business_id":["e8_Xt-ldpDgWHn92s3rBaQ"],
        "latitude":[33.5667893407],
        "longitude":[-112.102987121],
        "stars":[3.5],
        "review_count":[57]},
      {
        "business_id":["_DiGwfdiH913E4LURwb2qg"],
        "latitude":[33.4760486],
        "longitude":[-112.0654671],
        "stars":[3.5],
        "review_count":[131]},
      {
        "business_id":["VoHTd4QkPGWXl6IGI72isQ"],
        "latitude":[33.3806521],
        "longitude":[-111.7864984],
        "stars":[3.5],
        "review_count":[153]},
      {
        "business_id":["S4qUsi44l5D9BbUCkhwQEA"],
        "latitude":[33.3185608],
        "longitude":[-111.9258046],
        "stars":[4.5],
        "review_count":[216]},
      {
        "business_id":["0cf-w9PK5gLkBkitL3bdqw"],
        "latitude":[33.4684234],
        "longitude":[-112.3403146],
        "stars":[4.0],
        "review_count":[185]},
      {
        "business_id":["02EYqwh47uVxOaOKrnx8SQ"],
        "latitude":[33.4657562],
        "longitude":[-111.9718284],
        "stars":[3.5],
        "review_count":[220]},
      {
        "business_id":["llQfDCKPXBW1-hSb_qUC-g"],
        "latitude":[33.638853],
        "longitude":[-112.123114],
        "stars":[4.0],
        "review_count":[274]},
      {
        "business_id":["-K3kqmykKlhlB4arCsLHOw"],
        "latitude":[33.640223],
        "longitude":[-112.004267],
        "stars":[3.0],
        "review_count":[93]},
      {
        "business_id":["g9gAuOEXBbWnLlu2uOftwA"],
        "latitude":[33.6417888],
        "longitude":[-111.9947311],
        "stars":[3.5],
        "review_count":[80]},
      {
        "business_id":["jxl1GXU0MI6DJSbh9907sg"],
        "latitude":[33.4921674],
        "longitude":[-111.9230972],
        "stars":[3.5],
        "review_count":[116]},
      {
        "business_id":["KVwV03I-APnUlAWmnz__gw"],
        "latitude":[33.246678],
        "longitude":[-111.8245001],
        "stars":[3.0],
        "review_count":[10]},
      {
        "business_id":["KfxPrJ5PzgFRm2XltnbBLQ"],
        "latitude":[33.3486583],
        "longitude":[-111.9277442],
        "stars":[3.5],
        "review_count":[166]},
      {
        "business_id":["GC9Re0tKAnecMww3DB638g"],
        "latitude":[33.3477919604],
        "longitude":[-111.910567954],
        "stars":[4.0],
        "review_count":[36]},
      {
        "business_id":["PQTtKaBK_WdvLm-zp4fQ1g"],
        "latitude":[33.348750911],
        "longitude":[-111.944757559],
        "stars":[4.0],
        "review_count":[29]},
      {
        "business_id":["GyHJAwBQ58L3ORBLm0G-hg"],
        "latitude":[33.3487388761],
        "longitude":[-111.944757588],
        "stars":[4.0],
        "review_count":[57]},
      {
        "business_id":["iJfS02AOptwkaWD-vOVRew"],
        "latitude":[33.384637],
        "longitude":[-111.806885],
        "stars":[4.0],
        "review_count":[31]},
      {
        "business_id":["-BrMNg4MbpftOUTjOMVp9g"],
        "latitude":[33.58302],
        "longitude":[-111.8928209],
        "stars":[4.0],
        "review_count":[81]},
      {
        "business_id":["Wrd9LAbc8IOoAS5H6uw9sw"],
        "latitude":[33.4213508],
        "longitude":[-111.9247139],
        "stars":[3.5],
        "review_count":[176]},
      {
        "business_id":["ye0-f9tgMC2UFyraGcJWLQ"],
        "latitude":[33.5958929],
        "longitude":[-112.118593],
        "stars":[3.5],
        "review_count":[63]},
      {
        "business_id":["ZsaTN_DfKE7FqprIOonl3Q"],
        "latitude":[33.381279],
        "longitude":[-111.724168],
        "stars":[3.0],
        "review_count":[3]},
      {
        "business_id":["pX7ftE5CySOa-5cpuJl_ZA"],
        "latitude":[33.6227399],
        "longitude":[-111.8970917],
        "stars":[4.5],
        "review_count":[44]},
      {
        "business_id":["MjfgD6Okt4_PaOeYNZ-prQ"],
        "latitude":[33.700033],
        "longitude":[-111.888462],
        "stars":[3.5],
        "review_count":[91]},
      {
        "business_id":["dg4EMyM1feTEWfLPSbunrg"],
        "latitude":[33.3048389],
        "longitude":[-111.9490143],
        "stars":[3.5],
        "review_count":[26]}]
  }}