{
  "responseHeader":{
    "status":0,
    "QTime":3,
    "params":{
      "q":"categories:Jewelry",
      "indent":"on",
      "fl":"business_id,stars,review_count,latitude,longitude",
      "fq":"state:AZ",
      "rows":"9750",
      "wt":"json"}},
  "response":{"numFound":403,"start":0,"docs":[
      {
        "business_id":["WeVwahyw6i6MA0ovlVltag"],
        "latitude":[33.419517],
        "longitude":[-112.274287],
        "stars":[4.0],
        "review_count":[8]},
      {
        "business_id":["AbxgqSPDnCHtfCxYUiLP0g"],
        "latitude":[33.506051],
        "longitude":[-112.0742441],
        "stars":[3.0],
        "review_count":[4]},
      {
        "business_id":["GWJZwMNyb65SLpuAa9bYXw"],
        "latitude":[33.4671315214],
        "longitude":[-112.338864031],
        "stars":[4.5],
        "review_count":[6]},
      {
        "business_id":["qfgaOJNVnEA0RDNK_zxcwg"],
        "latitude":[33.3526],
        "longitude":[-112.1976],
        "stars":[5.0],
        "review_count":[7]},
      {
        "business_id":["83RP4MlagXdpkeL2pY8rsA"],
        "latitude":[33.5772338],
        "longitude":[-112.0553548],
        "stars":[4.5],
        "review_count":[3]},
      {
        "business_id":["zJHpHVT9Gzy90LPkpWrrdA"],
        "latitude":[33.2508615],
        "longitude":[-111.5616801],
        "stars":[3.5],
        "review_count":[5]},
      {
        "business_id":["h3YCZJ3sdlas34vBbOPMcQ"],
        "latitude":[33.5878481],
        "longitude":[-111.8383894],
        "stars":[4.5],
        "review_count":[7]},
      {
        "business_id":["BrWEsRQm8GjzQmBUUpwBCA"],
        "latitude":[33.470421],
        "longitude":[-111.9272459],
        "stars":[4.5],
        "review_count":[51]},
      {
        "business_id":["kQxkWB_8Su2hkE2EZaadag"],
        "latitude":[33.383123],
        "longitude":[-111.964485],
        "stars":[4.0],
        "review_count":[18]},
      {
        "business_id":["T21SkURzLkKX-86OuNDu7g"],
        "latitude":[33.5823729],
        "longitude":[-111.9270577],
        "stars":[4.5],
        "review_count":[11]},
      {
        "business_id":["52aAw6TI_9Rqw6Cq9r5MOA"],
        "latitude":[33.4969007],
        "longitude":[-111.9291738],
        "stars":[5.0],
        "review_count":[4]},
      {
        "business_id":["BALg7mtAI-tHltJ0WRRiPw"],
        "latitude":[33.293097],
        "longitude":[-111.8235867],
        "stars":[4.5],
        "review_count":[19]},
      {
        "business_id":["1e1echv32lQ01jx2MHASDg"],
        "latitude":[33.4987092],
        "longitude":[-111.9175514],
        "stars":[4.0],
        "review_count":[13]},
      {
        "business_id":["Ij69TnUEvuU_eiznLBUKdg"],
        "latitude":[33.465194],
        "longitude":[-112.337391],
        "stars":[2.5],
        "review_count":[16]},
      {
        "business_id":["5nAJDOFrkUri3tD41D7ttg"],
        "latitude":[33.4659933],
        "longitude":[-112.0822121],
        "stars":[5.0],
        "review_count":[3]},
      {
        "business_id":["MbyD30kVeWtivv81HE9ZyQ"],
        "latitude":[33.4942089],
        "longitude":[-111.9243015],
        "stars":[5.0],
        "review_count":[6]},
      {
        "business_id":["AFO7kGp_LXdVI44jeYyIuw"],
        "latitude":[33.306638],
        "longitude":[-111.977559],
        "stars":[5.0],
        "review_count":[3]},
      {
        "business_id":["muu0cBmWC6rU5cD6UKKBBw"],
        "latitude":[33.4366655],
        "longitude":[-111.9403254],
        "stars":[5.0],
        "review_count":[8]},
      {
        "business_id":["r6lLLqR8TorhxXYpWlRVyQ"],
        "latitude":[33.377325],
        "longitude":[-111.808933],
        "stars":[3.0],
        "review_count":[19]},
      {
        "business_id":["Rcd_zvRjQ2UmpnqeUx7MnQ"],
        "latitude":[33.6410252],
        "longitude":[-112.0201334],
        "stars":[1.5],
        "review_count":[3]},
      {
        "business_id":["p4sTuiOt3AT2i9qU-4hjOQ"],
        "latitude":[33.6028938848],
        "longitude":[-111.981959058],
        "stars":[5.0],
        "review_count":[6]},
      {
        "business_id":["_kuzjAHNeO-UbbQR3Ns7zg"],
        "latitude":[33.6021872],
        "longitude":[-111.9836094],
        "stars":[5.0],
        "review_count":[4]},
      {
        "business_id":["WumssCwCl6BruAh7D5VdxQ"],
        "latitude":[33.4979973],
        "longitude":[-111.9266215],
        "stars":[4.5],
        "review_count":[9]},
      {
        "business_id":["m1CRJhBcnrtY8Gu5yHP9Kg"],
        "latitude":[33.51037],
        "longitude":[-112.01431],
        "stars":[4.5],
        "review_count":[7]},
      {
        "business_id":["DkW1SVTKQ1TBHd5ixV_EHQ"],
        "latitude":[33.6350526799],
        "longitude":[-111.923286507],
        "stars":[4.5],
        "review_count":[11]},
      {
        "business_id":["Rhb9m9cJt8qNlq3gTZmcVQ"],
        "latitude":[33.474313],
        "longitude":[-112.064758],
        "stars":[4.5],
        "review_count":[4]},
      {
        "business_id":["tNugNRjuNwlEpnDMn6mFQw"],
        "latitude":[33.6238586904],
        "longitude":[-112.220838606],
        "stars":[4.5],
        "review_count":[9]},
      {
        "business_id":["f7v_ne_EOavKnH_QTaCJCA"],
        "latitude":[33.393725],
        "longitude":[-111.6891898],
        "stars":[5.0],
        "review_count":[3]},
      {
        "business_id":["fFOkqQsufuiUEQp3Ib77Sw"],
        "latitude":[33.6214094426],
        "longitude":[-111.924676895],
        "stars":[5.0],
        "review_count":[6]},
      {
        "business_id":["QiLZgmBTAGSUUgPV2CBdNw"],
        "latitude":[33.6415373],
        "longitude":[-112.2264227],
        "stars":[3.0],
        "review_count":[24]},
      {
        "business_id":["X167A2IScyfPY8B8UBb34g"],
        "latitude":[33.4381111],
        "longitude":[-111.9258938],
        "stars":[5.0],
        "review_count":[6]},
      {
        "business_id":["MVuvNXQbBs0OQ8QeYn_7Tw"],
        "latitude":[33.383123],
        "longitude":[-111.964485],
        "stars":[3.5],
        "review_count":[5]},
      {
        "business_id":["c3sC65Bl0gK0o6d70oWpQA"],
        "latitude":[33.4656154],
        "longitude":[-112.0293355],
        "stars":[3.0],
        "review_count":[4]},
      {
        "business_id":["BbKO5TGjG7gV3_eRrndL3w"],
        "latitude":[33.497015],
        "longitude":[-111.92853],
        "stars":[4.0],
        "review_count":[7]},
      {
        "business_id":["Lo2Q6lfhU1TJWAHDy9ePRA"],
        "latitude":[33.3016651],
        "longitude":[-111.8980181],
        "stars":[2.5],
        "review_count":[7]},
      {
        "business_id":["JRUPe8_nRv5en42S4tOx7A"],
        "latitude":[33.673871],
        "longitude":[-111.971098],
        "stars":[4.0],
        "review_count":[20]},
      {
        "business_id":["EhgH939q7cTL9iZqfxAeWA"],
        "latitude":[33.5820448],
        "longitude":[-112.0082774],
        "stars":[5.0],
        "review_count":[9]},
      {
        "business_id":["wefOyGs8LhDKzY8veLr42w"],
        "latitude":[33.5364584],
        "longitude":[-111.8883276],
        "stars":[5.0],
        "review_count":[6]},
      {
        "business_id":["p73vQuTINdAItIoAIYZRWQ"],
        "latitude":[33.593133],
        "longitude":[-112.041208],
        "stars":[5.0],
        "review_count":[4]},
      {
        "business_id":["JEhVi7RwAwSTSuo_-oL5xw"],
        "latitude":[33.6999708],
        "longitude":[-111.9231153],
        "stars":[4.5],
        "review_count":[14]},
      {
        "business_id":["CBZTxZujYr6I6mo_mf8DIw"],
        "latitude":[33.5025088],
        "longitude":[-111.9290233],
        "stars":[4.0],
        "review_count":[12]},
      {
        "business_id":["GyDqfXn2NGh9ylltUvkLag"],
        "latitude":[33.6331628],
        "longitude":[-111.8851052],
        "stars":[3.0],
        "review_count":[13]},
      {
        "business_id":["0iNWcKcpZa3hobhMSk9_rg"],
        "latitude":[33.430073],
        "longitude":[-111.9028149],
        "stars":[4.0],
        "review_count":[12]},
      {
        "business_id":["ZriCXnmeiBbMO7ItoMNGcg"],
        "latitude":[33.5852171],
        "longitude":[-111.9273191],
        "stars":[4.0],
        "review_count":[4]},
      {
        "business_id":["h4z52MRd1zO8bbocBR7yiA"],
        "latitude":[33.45038],
        "longitude":[-111.704704],
        "stars":[3.5],
        "review_count":[10]},
      {
        "business_id":["ELJTfPer-k56WtoVgsyq3w"],
        "latitude":[33.4933959],
        "longitude":[-111.9258406],
        "stars":[3.0],
        "review_count":[16]},
      {
        "business_id":["MAKG_gI_r0nlDvh8ciYrhQ"],
        "latitude":[33.377882049],
        "longitude":[-111.95193277],
        "stars":[3.5],
        "review_count":[9]},
      {
        "business_id":["mEHmifSad9pJ69sE3QdH7g"],
        "latitude":[33.6415248],
        "longitude":[-112.0281347],
        "stars":[5.0],
        "review_count":[3]},
      {
        "business_id":["sagzUIF1om9p6rfkrOWxaA"],
        "latitude":[33.6238119],
        "longitude":[-111.9251887],
        "stars":[4.5],
        "review_count":[8]},
      {
        "business_id":["8W4qnxfx1wmX9peTNAqwpg"],
        "latitude":[33.4638949],
        "longitude":[-111.9263554],
        "stars":[5.0],
        "review_count":[20]},
      {
        "business_id":["DXTwwxAtxw_KV1sQjKCQJQ"],
        "latitude":[33.3908480283],
        "longitude":[-111.689468597],
        "stars":[3.0],
        "review_count":[9]},
      {
        "business_id":["sLw8naO-Vld4-ZE5gi_CdA"],
        "latitude":[33.3100920046],
        "longitude":[-111.743517008],
        "stars":[4.0],
        "review_count":[6]},
      {
        "business_id":["MQA2n1qhz3dIWTL7NPt-GQ"],
        "latitude":[33.5816727],
        "longitude":[-111.930753],
        "stars":[5.0],
        "review_count":[4]},
      {
        "business_id":["I5U8dSq0YXoLFIdoUyUATA"],
        "latitude":[33.5108031],
        "longitude":[-112.1848375],
        "stars":[3.0],
        "review_count":[4]},
      {
        "business_id":["Cf9DM_cxB0mAsmX3w8NNgw"],
        "latitude":[33.6421362],
        "longitude":[-112.2252174],
        "stars":[2.0],
        "review_count":[21]},
      {
        "business_id":["UYkMe5_8X9mNA1u-aR2J4A"],
        "latitude":[33.6267822],
        "longitude":[-111.9253165],
        "stars":[4.5],
        "review_count":[38]},
      {
        "business_id":["4R4mXasbLUNo9v0ngZ04_Q"],
        "latitude":[33.3635018],
        "longitude":[-111.8603264],
        "stars":[5.0],
        "review_count":[4]},
      {
        "business_id":["ycLy-TyJ8cmT7mwD5eHdAw"],
        "latitude":[33.3068568],
        "longitude":[-111.7851933],
        "stars":[3.0],
        "review_count":[5]},
      {
        "business_id":["42FdT6aerDE0EMReyr5jug"],
        "latitude":[33.610347],
        "longitude":[-111.9764375],
        "stars":[5.0],
        "review_count":[38]},
      {
        "business_id":["Hb87wf-7QjEfeGrY6fYmfQ"],
        "latitude":[33.5636878],
        "longitude":[-112.0595603],
        "stars":[5.0],
        "review_count":[5]},
      {
        "business_id":["C9n1jGfUqkLlusJy_AzvJw"],
        "latitude":[33.581859],
        "longitude":[-111.925669],
        "stars":[4.0],
        "review_count":[47]},
      {
        "business_id":["QynDxN7P_yOXzViCnmn4Dg"],
        "latitude":[33.6093269],
        "longitude":[-112.1314935],
        "stars":[5.0],
        "review_count":[7]},
      {
        "business_id":["hd5xm20tfSa70-6UqD9-bg"],
        "latitude":[33.5025941],
        "longitude":[-111.9296765],
        "stars":[4.0],
        "review_count":[105]},
      {
        "business_id":["bFRMF6zF5KH71olzYLJhoQ"],
        "latitude":[33.6238997],
        "longitude":[-111.9249321],
        "stars":[3.0],
        "review_count":[12]},
      {
        "business_id":["WUT5Q6FtsMespzgeprA-Dg"],
        "latitude":[33.6323711],
        "longitude":[-112.0313383],
        "stars":[4.5],
        "review_count":[8]},
      {
        "business_id":["cEV7ewYUN224CFUlGzcz2g"],
        "latitude":[33.638788],
        "longitude":[-112.221498],
        "stars":[4.0],
        "review_count":[22]},
      {
        "business_id":["IH3YrjM54Ckb_9GNFZNQyw"],
        "latitude":[33.3940538],
        "longitude":[-111.8223683],
        "stars":[3.0],
        "review_count":[8]},
      {
        "business_id":["-uO8osDU09sJ_Ws-CzweKQ"],
        "latitude":[33.462383],
        "longitude":[-112.360424],
        "stars":[3.0],
        "review_count":[7]},
      {
        "business_id":["1eLwaTwLh2YMqbhvxYdBCQ"],
        "latitude":[33.3022462],
        "longitude":[-111.897967],
        "stars":[4.0],
        "review_count":[16]},
      {
        "business_id":["wEZ5ACfDZ9pfC8Hq-c910A"],
        "latitude":[33.58198],
        "longitude":[-111.927605],
        "stars":[5.0],
        "review_count":[11]},
      {
        "business_id":["eKQlfVmYKhW04fp2B0-TWQ"],
        "latitude":[33.6502539],
        "longitude":[-112.3667279],
        "stars":[2.0],
        "review_count":[8]},
      {
        "business_id":["juglsCnV5L_Xu5kzLNu-JA"],
        "latitude":[33.406601],
        "longitude":[-111.9075196],
        "stars":[2.0],
        "review_count":[4]},
      {
        "business_id":["62ogX9hFQpFM0G6EzhdZLg"],
        "latitude":[33.630448],
        "longitude":[-112.134287],
        "stars":[5.0],
        "review_count":[3]},
      {
        "business_id":["qyGMq7EorcHzxSEq36yi4Q"],
        "latitude":[33.3932836],
        "longitude":[-111.9267307],
        "stars":[5.0],
        "review_count":[4]},
      {
        "business_id":["UfwRtms9zU1NAH0cVQvi1g"],
        "latitude":[33.6129703],
        "longitude":[-111.9271938],
        "stars":[5.0],
        "review_count":[19]},
      {
        "business_id":["NE4Y2rLClU9UJIbuDwMGhA"],
        "latitude":[33.4492572677],
        "longitude":[-112.074558593],
        "stars":[4.0],
        "review_count":[4]},
      {
        "business_id":["AASlZeiW3U7LlmvXTqMyYw"],
        "latitude":[33.5051087],
        "longitude":[-112.0827464],
        "stars":[4.5],
        "review_count":[55]},
      {
        "business_id":["dOtnxjn3YQsMnD8xZhAOGA"],
        "latitude":[33.2178883184],
        "longitude":[-111.790232509],
        "stars":[5.0],
        "review_count":[6]},
      {
        "business_id":["6fqnfbGl7jejDaQCEQ-Pbg"],
        "latitude":[33.6393859214],
        "longitude":[-112.030900309],
        "stars":[5.0],
        "review_count":[3]},
      {
        "business_id":["QntyxUs-gtr-MjvzcgmmaA"],
        "latitude":[33.541907],
        "longitude":[-112.184056],
        "stars":[4.5],
        "review_count":[6]},
      {
        "business_id":["6UDtRFjzK4d83HyxzTcOgg"],
        "latitude":[33.574814],
        "longitude":[-112.121266],
        "stars":[3.5],
        "review_count":[10]},
      {
        "business_id":["-ufaiV0VcoyZhdXgZwDB_g"],
        "latitude":[33.4463605],
        "longitude":[-111.92694],
        "stars":[4.5],
        "review_count":[9]},
      {
        "business_id":["qY3nIUG2jgy15Eu-n4aW9g"],
        "latitude":[33.4962525],
        "longitude":[-112.0471276],
        "stars":[5.0],
        "review_count":[5]},
      {
        "business_id":["BDzpIwwc1HopcnqZbB6JkA"],
        "latitude":[33.5098209],
        "longitude":[-112.0922044],
        "stars":[4.0],
        "review_count":[7]},
      {
        "business_id":["ICy7VVZhcga46o2sfMTsQw"],
        "latitude":[33.4976601],
        "longitude":[-111.9296646],
        "stars":[4.5],
        "review_count":[11]},
      {
        "business_id":["-xgD6b3AykxctrQF0thKqw"],
        "latitude":[33.4980625],
        "longitude":[-111.9285504],
        "stars":[5.0],
        "review_count":[6]},
      {
        "business_id":["Av0pdoMiIb9Hfkf_QpH3WQ"],
        "latitude":[33.365579],
        "longitude":[-111.7905657],
        "stars":[4.0],
        "review_count":[4]},
      {
        "business_id":["POqhIX5YE1SGZ4cR9NGkuQ"],
        "latitude":[33.574974],
        "longitude":[-112.1210338],
        "stars":[2.5],
        "review_count":[3]},
      {
        "business_id":["XHES8pUKuBs2eREaZOP0sw"],
        "latitude":[33.6107478],
        "longitude":[-112.134603],
        "stars":[3.5],
        "review_count":[3]},
      {
        "business_id":["X_sgXl2b5kMrSv3u_RDf5Q"],
        "latitude":[33.67722],
        "longitude":[-112.029184],
        "stars":[1.5],
        "review_count":[21]},
      {
        "business_id":["K8cV8Y_S663aC8BiZI-a8g"],
        "latitude":[33.511602],
        "longitude":[-112.065341],
        "stars":[4.5],
        "review_count":[39]},
      {
        "business_id":["j2Ghu_xdqAIbGMnzen7OBg"],
        "latitude":[33.4951099],
        "longitude":[-112.026625],
        "stars":[4.5],
        "review_count":[12]},
      {
        "business_id":["1yuvxlRxl2jFCtbssB2Hzg"],
        "latitude":[33.4501458],
        "longitude":[-112.0740375],
        "stars":[4.0],
        "review_count":[6]},
      {
        "business_id":["FBbG1Ofepc3bqCV0x9ghyA"],
        "latitude":[33.25958],
        "longitude":[-111.857145],
        "stars":[4.0],
        "review_count":[30]},
      {
        "business_id":["qM8zeK2ZvWGe0y8tWB40Jg"],
        "latitude":[33.7131361],
        "longitude":[-112.1419558],
        "stars":[4.5],
        "review_count":[8]},
      {
        "business_id":["KKcMQR9XIG6FC63G0HpY3A"],
        "latitude":[33.5667871934],
        "longitude":[-111.924934387],
        "stars":[4.5],
        "review_count":[45]},
      {
        "business_id":["6CWQB3glAYpqbZeBFp0pZw"],
        "latitude":[33.5532071],
        "longitude":[-112.2698954],
        "stars":[5.0],
        "review_count":[7]},
      {
        "business_id":["csz4Pp1D54bOIhqwtECzdw"],
        "latitude":[33.5098399],
        "longitude":[-111.986211],
        "stars":[4.5],
        "review_count":[6]},
      {
        "business_id":["0zLE2Qd7AjDzRCjfSEhv6w"],
        "latitude":[33.4948571],
        "longitude":[-112.2006543],
        "stars":[4.5],
        "review_count":[4]},
      {
        "business_id":["-ubVkCv_U4815t3ibaIuhg"],
        "latitude":[33.3068194727],
        "longitude":[-111.977616407],
        "stars":[5.0],
        "review_count":[13]},
      {
        "business_id":["Ke_n08ij9jvVVEpXgRA8YA"],
        "latitude":[33.458382],
        "longitude":[-112.073555],
        "stars":[4.5],
        "review_count":[3]},
      {
        "business_id":["NWogD7BYgNT9t87dWX5pNA"],
        "latitude":[33.5161887665],
        "longitude":[-112.046884388],
        "stars":[5.0],
        "review_count":[25]},
      {
        "business_id":["w0vMtB8LyyUA0Uny0LOD0w"],
        "latitude":[33.46515],
        "longitude":[-112.006656],
        "stars":[5.0],
        "review_count":[15]},
      {
        "business_id":["zB_qKuXiztrTsmLdag3AUQ"],
        "latitude":[33.473847],
        "longitude":[-112.073106],
        "stars":[5.0],
        "review_count":[7]},
      {
        "business_id":["615MmfVgUb9yhHWo7fgepw"],
        "latitude":[33.4867288952],
        "longitude":[-111.927374018],
        "stars":[4.5],
        "review_count":[6]},
      {
        "business_id":["J182y2TWuVGpN0lG3IesgA"],
        "latitude":[33.601645],
        "longitude":[-111.984208],
        "stars":[4.0],
        "review_count":[24]},
      {
        "business_id":["2cAV5EVG10-PFj4mjsuJ5A"],
        "latitude":[33.6021318],
        "longitude":[-111.979461],
        "stars":[3.0],
        "review_count":[8]},
      {
        "business_id":["uedAggW_l8uD7oIazfLlvQ"],
        "latitude":[33.6349446],
        "longitude":[-111.9210627],
        "stars":[4.5],
        "review_count":[14]},
      {
        "business_id":["rewjzIEb_D_r8hb4kahpJg"],
        "latitude":[33.6021872],
        "longitude":[-111.9836094],
        "stars":[2.0],
        "review_count":[4]},
      {
        "business_id":["J-POWkjURywoA6VsFRW40A"],
        "latitude":[33.3044612],
        "longitude":[-111.9945753],
        "stars":[5.0],
        "review_count":[4]},
      {
        "business_id":["pOWp1nbaGLTvIqSXd4BmZg"],
        "latitude":[33.3014998202],
        "longitude":[-111.897991352],
        "stars":[2.5],
        "review_count":[7]},
      {
        "business_id":["A0FyX8Gr9-ag41CMmbcJ6Q"],
        "latitude":[33.6251533],
        "longitude":[-111.9252426],
        "stars":[3.0],
        "review_count":[4]},
      {
        "business_id":["dXal2f0CYQOOitC6jaC6Fw"],
        "latitude":[33.6034241],
        "longitude":[-111.9783109],
        "stars":[2.5],
        "review_count":[3]},
      {
        "business_id":["8LppatYo8ywcbCoVQooZ8A"],
        "latitude":[33.3244509],
        "longitude":[-111.6898633],
        "stars":[5.0],
        "review_count":[10]},
      {
        "business_id":["2K-P2HsFJjWuWCaJraKtJg"],
        "latitude":[33.4154914],
        "longitude":[-111.8334596],
        "stars":[4.0],
        "review_count":[9]},
      {
        "business_id":["Hbf8zcJ0Us1F6wLMAyi1Zg"],
        "latitude":[33.6402821995],
        "longitude":[-112.029162527],
        "stars":[5.0],
        "review_count":[11]},
      {
        "business_id":["SxYmCN8EpsWRaAQPI50yUQ"],
        "latitude":[33.5656925],
        "longitude":[-111.924477],
        "stars":[4.0],
        "review_count":[4]},
      {
        "business_id":["WlX3JXeuLHm6-MLfGL_eOA"],
        "latitude":[33.6365668],
        "longitude":[-111.9201802],
        "stars":[5.0],
        "review_count":[27]},
      {
        "business_id":["yytiAuvytN7gcZXGfahUfw"],
        "latitude":[33.4929487],
        "longitude":[-111.9256358],
        "stars":[5.0],
        "review_count":[4]},
      {
        "business_id":["HfVSzrebW4PgUsakKv8v-Q"],
        "latitude":[33.4954084746],
        "longitude":[-112.00245728],
        "stars":[4.5],
        "review_count":[84]},
      {
        "business_id":["keU8QUBLtaCKYbUd9wuggg"],
        "latitude":[33.4259647],
        "longitude":[-111.9402513],
        "stars":[4.5],
        "review_count":[10]},
      {
        "business_id":["SC4ETv3GWdJpN0_OEQN0OQ"],
        "latitude":[33.4839965],
        "longitude":[-112.3639978],
        "stars":[5.0],
        "review_count":[3]},
      {
        "business_id":["C-8TW2yCXycISAN9pjD2sQ"],
        "latitude":[33.448841095],
        "longitude":[-111.983764648],
        "stars":[5.0],
        "review_count":[26]},
      {
        "business_id":["V4yV2MCLbvdEFT_ggi35Xg"],
        "latitude":[33.5028371],
        "longitude":[-111.9294198],
        "stars":[4.0],
        "review_count":[32]},
      {
        "business_id":["YNEt_nnMXJEXSv203ZP0DA"],
        "latitude":[33.324845],
        "longitude":[-111.842066],
        "stars":[5.0],
        "review_count":[11]},
      {
        "business_id":["0U8AQLy7zKfmsoMRVkw_2g"],
        "latitude":[33.3911411],
        "longitude":[-111.8592216],
        "stars":[2.0],
        "review_count":[4]},
      {
        "business_id":["DdGJrQaOlJKQtlE55xdpDQ"],
        "latitude":[33.415463],
        "longitude":[-111.6738641],
        "stars":[3.0],
        "review_count":[8]},
      {
        "business_id":["DnNd6Vuy-QewBJCc0eJm6Q"],
        "latitude":[33.6377227],
        "longitude":[-112.2723311],
        "stars":[4.0],
        "review_count":[5]},
      {
        "business_id":["A98-HWkpi-H-aXB51PrXBA"],
        "latitude":[33.4924398],
        "longitude":[-111.9248112],
        "stars":[5.0],
        "review_count":[6]},
      {
        "business_id":["lGmuuexf67znHnW5rLKLxg"],
        "latitude":[33.377419],
        "longitude":[-111.8100869],
        "stars":[4.5],
        "review_count":[10]},
      {
        "business_id":["4iFYsHDzkuf3JjSzhaNd2g"],
        "latitude":[33.6183213],
        "longitude":[-111.9262519],
        "stars":[4.5],
        "review_count":[188]},
      {
        "business_id":["o3Y2P-UD0iCPUT00_ZbJRA"],
        "latitude":[33.4878314],
        "longitude":[-112.0304322],
        "stars":[4.5],
        "review_count":[10]},
      {
        "business_id":["Nimxlt2BJQ_PuSFZ3iR10A"],
        "latitude":[33.3933692511],
        "longitude":[-111.94304515],
        "stars":[2.5],
        "review_count":[11]},
      {
        "business_id":["mY-fWi8R52RaLC52b6D-FA"],
        "latitude":[33.3068382],
        "longitude":[-111.7525014],
        "stars":[2.5],
        "review_count":[3]},
      {
        "business_id":["rk9ggXiWXf_2a3G3x6HNng"],
        "latitude":[33.5025088],
        "longitude":[-111.9290233],
        "stars":[2.0],
        "review_count":[12]},
      {
        "business_id":["5qdSXecN-Q25HOurknZ60w"],
        "latitude":[33.5028371],
        "longitude":[-111.9294198],
        "stars":[4.0],
        "review_count":[4]},
      {
        "business_id":["G8zFSnrALsy2xXElgEDVUw"],
        "latitude":[33.50395],
        "longitude":[-111.929937148],
        "stars":[5.0],
        "review_count":[8]},
      {
        "business_id":["OWV8yrZsQhMDFl2l0l9H1w"],
        "latitude":[33.637694],
        "longitude":[-112.262713],
        "stars":[4.0],
        "review_count":[9]},
      {
        "business_id":["xYGb7EAEIbrLamlpaUPmJA"],
        "latitude":[33.3333896],
        "longitude":[-111.9127038],
        "stars":[2.5],
        "review_count":[5]},
      {
        "business_id":["T1HBJyu_wNcpvsGlMHlODg"],
        "latitude":[33.5095292],
        "longitude":[-112.0609579],
        "stars":[4.0],
        "review_count":[7]},
      {
        "business_id":["w-5hzeHkhQ71-paDmOVHcg"],
        "latitude":[33.615544],
        "longitude":[-111.954623],
        "stars":[4.5],
        "review_count":[10]},
      {
        "business_id":["jV_1r62bEAELzG-Aua_yWw"],
        "latitude":[33.4133505],
        "longitude":[-111.8759922],
        "stars":[4.5],
        "review_count":[4]},
      {
        "business_id":["yAQ4qBx14BLsWi5mgg8D9w"],
        "latitude":[33.3068369],
        "longitude":[-111.7526399],
        "stars":[4.0],
        "review_count":[4]},
      {
        "business_id":["pHOzJzQWeeUtJ1ahkDPvgA"],
        "latitude":[33.8232982],
        "longitude":[-111.9149875],
        "stars":[5.0],
        "review_count":[4]},
      {
        "business_id":["kKeOBhu4-bZrWkOhXUGQ3Q"],
        "latitude":[33.5083736],
        "longitude":[-112.0653633],
        "stars":[4.5],
        "review_count":[7]},
      {
        "business_id":["BP2vpAdBjwGee9WNDKA19A"],
        "latitude":[33.583164],
        "longitude":[-112.1004],
        "stars":[4.5],
        "review_count":[3]},
      {
        "business_id":["Wqmwz4OLklip0kTBrKpFDg"],
        "latitude":[33.6753988],
        "longitude":[-111.9734879],
        "stars":[4.0],
        "review_count":[9]},
      {
        "business_id":["VSbximpV-Unqf1IPCdKpYw"],
        "latitude":[33.469012],
        "longitude":[-111.683171],
        "stars":[4.5],
        "review_count":[8]},
      {
        "business_id":["4ZuO2xanFx9eLNS20zgM0w"],
        "latitude":[33.3616567863],
        "longitude":[-111.911714731],
        "stars":[5.0],
        "review_count":[5]},
      {
        "business_id":["60ZzucldNCfdCEmUxujmAQ"],
        "latitude":[33.308734],
        "longitude":[-111.742925],
        "stars":[4.5],
        "review_count":[26]},
      {
        "business_id":["6rA3i4FXFtc2je2N7TAy5w"],
        "latitude":[33.3105211619],
        "longitude":[-111.742818095],
        "stars":[3.5],
        "review_count":[5]},
      {
        "business_id":["CLZcKpLAjh7j1aXBdtPnIg"],
        "latitude":[33.363872],
        "longitude":[-111.9130096],
        "stars":[5.0],
        "review_count":[3]},
      {
        "business_id":["X_ZCuKnnOyXRtm3N5ixXjw"],
        "latitude":[33.30304],
        "longitude":[-111.982537],
        "stars":[3.5],
        "review_count":[20]},
      {
        "business_id":["Avr_qHllB60Ade8IwnU7Nw"],
        "latitude":[33.593717],
        "longitude":[-112.390265],
        "stars":[4.0],
        "review_count":[16]},
      {
        "business_id":["Skw9_AuSju9hUP6MStWxYA"],
        "latitude":[33.3016651],
        "longitude":[-111.8980181],
        "stars":[3.0],
        "review_count":[8]},
      {
        "business_id":["VJ7xu-EMAQLrS2U9h8mcLQ"],
        "latitude":[33.5102491],
        "longitude":[-112.0109414],
        "stars":[5.0],
        "review_count":[9]},
      {
        "business_id":["0mjow4qHIRvTBh--94QvXg"],
        "latitude":[33.5666083989],
        "longitude":[-111.925567389],
        "stars":[5.0],
        "review_count":[34]},
      {
        "business_id":["bdBpITXrx5hSvCFFWms78g"],
        "latitude":[33.4981545],
        "longitude":[-111.9273221],
        "stars":[4.5],
        "review_count":[21]},
      {
        "business_id":["ISgQQxda3smdokzxxmQmKA"],
        "latitude":[33.4982297],
        "longitude":[-111.9291961],
        "stars":[4.5],
        "review_count":[6]},
      {
        "business_id":["TMl1qTqxhPeYkKdt6uSDVQ"],
        "latitude":[33.5109032],
        "longitude":[-112.0824674],
        "stars":[4.0],
        "review_count":[23]},
      {
        "business_id":["NFXszapoxeDAc4CnokxUyQ"],
        "latitude":[33.5405182],
        "longitude":[-111.8870669],
        "stars":[3.5],
        "review_count":[5]},
      {
        "business_id":["yVXCq-5ZnlR2jseAgENDuw"],
        "latitude":[33.64032],
        "longitude":[-112.361552],
        "stars":[4.5],
        "review_count":[6]},
      {
        "business_id":["eKOYdyNtruv-0yi23v6lHw"],
        "latitude":[33.499074],
        "longitude":[-112.083486],
        "stars":[4.5],
        "review_count":[14]},
      {
        "business_id":["WsL82O6zO2gnxoaJzlUvAQ"],
        "latitude":[33.3016651],
        "longitude":[-111.8980181],
        "stars":[2.0],
        "review_count":[11]},
      {
        "business_id":["5Bpl4rt2-lxJ5iIr6oNs-w"],
        "latitude":[33.4397779],
        "longitude":[-111.7357495],
        "stars":[4.0],
        "review_count":[3]},
      {
        "business_id":["zI6WySUY_hcASNQZTNCleQ"],
        "latitude":[33.4936855],
        "longitude":[-111.9247356],
        "stars":[3.5],
        "review_count":[11]},
      {
        "business_id":["a12ijCwMdwBNc4I6AquybA"],
        "latitude":[33.6421362],
        "longitude":[-112.2252174],
        "stars":[5.0],
        "review_count":[5]},
      {
        "business_id":["LttFSUjuG7wj1ZEblbXjUQ"],
        "latitude":[33.510086],
        "longitude":[-112.074193],
        "stars":[5.0],
        "review_count":[13]},
      {
        "business_id":["X8nX1dNeFe1_VPXo91cuCg"],
        "latitude":[33.6407298],
        "longitude":[-112.0810868],
        "stars":[3.5],
        "review_count":[7]},
      {
        "business_id":["1rzLbbgM_fVVfqpXaU182A"],
        "latitude":[33.6118186],
        "longitude":[-111.9254242],
        "stars":[5.0],
        "review_count":[3]},
      {
        "business_id":["cvxoP7oioo0MBMrhefz0Gg"],
        "latitude":[33.6437594263],
        "longitude":[-112.222238946],
        "stars":[4.5],
        "review_count":[6]},
      {
        "business_id":["6-1B5PAD3dPbZy-Oq959iQ"],
        "latitude":[33.394638],
        "longitude":[-111.756228],
        "stars":[5.0],
        "review_count":[10]},
      {
        "business_id":["egBg4-QwW_STG92mvPp-pw"],
        "latitude":[33.5028371],
        "longitude":[-111.9294198],
        "stars":[3.0],
        "review_count":[8]},
      {
        "business_id":["3zR0Jtr0L3vcQ_5_Ji1liw"],
        "latitude":[33.510826],
        "longitude":[-112.027916],
        "stars":[4.5],
        "review_count":[24]},
      {
        "business_id":["xKp-UlYTvc4cX2ZOYSv4JA"],
        "latitude":[33.481266],
        "longitude":[-111.908433],
        "stars":[2.5],
        "review_count":[3]},
      {
        "business_id":["zlTV6s8FhR4M0-LIeHHUWw"],
        "latitude":[33.6688931],
        "longitude":[-112.1866171],
        "stars":[3.0],
        "review_count":[6]},
      {
        "business_id":["5E4lmDN8Doc0Wg8hGokAow"],
        "latitude":[33.4983677],
        "longitude":[-111.9285787],
        "stars":[5.0],
        "review_count":[14]},
      {
        "business_id":["bbGU6_R4pp9UHOlWKItIbw"],
        "latitude":[33.5238798],
        "longitude":[-111.8987697],
        "stars":[4.0],
        "review_count":[11]},
      {
        "business_id":["YTty5AeM9TCgGKrhkAeJjg"],
        "latitude":[33.4779956],
        "longitude":[-112.2260816],
        "stars":[3.5],
        "review_count":[3]},
      {
        "business_id":["6Yzu32WtB7lf_JFLEkN1aA"],
        "latitude":[33.6415373],
        "longitude":[-112.2264227],
        "stars":[2.5],
        "review_count":[8]},
      {
        "business_id":["5a8-4kuCrF0STzSRlOuwvA"],
        "latitude":[33.2747543],
        "longitude":[-111.859773],
        "stars":[3.5],
        "review_count":[5]},
      {
        "business_id":["4S4Vfag_UxtpLZF_TeGdYQ"],
        "latitude":[33.6393013],
        "longitude":[-112.1960925],
        "stars":[4.0],
        "review_count":[4]},
      {
        "business_id":["Fofo6HkuK5GxiDNDHFegQA"],
        "latitude":[33.5097225],
        "longitude":[-112.0768684],
        "stars":[5.0],
        "review_count":[4]},
      {
        "business_id":["foFnic6IJt7aJHDJy35bHg"],
        "latitude":[33.5278636],
        "longitude":[-111.9270736],
        "stars":[2.5],
        "review_count":[6]},
      {
        "business_id":["JB5b40lNI9iofirToCUIBg"],
        "latitude":[33.4807262],
        "longitude":[-112.1185435],
        "stars":[4.5],
        "review_count":[7]},
      {
        "business_id":["2fVmXnW5s_49MCeRh0n54w"],
        "latitude":[33.4507886914],
        "longitude":[-111.700688303],
        "stars":[3.0],
        "review_count":[4]},
      {
        "business_id":["9MDMNb8JhJcJzIAvD8kl3g"],
        "latitude":[33.478451],
        "longitude":[-112.029875],
        "stars":[5.0],
        "review_count":[4]},
      {
        "business_id":["vUpyHcStGZTLWH1d_WETDQ"],
        "latitude":[33.366451],
        "longitude":[-111.754675],
        "stars":[4.5],
        "review_count":[21]},
      {
        "business_id":["k3edm4tuhb5aUQSovrWfFw"],
        "latitude":[33.6017397],
        "longitude":[-112.1199642],
        "stars":[2.5],
        "review_count":[17]},
      {
        "business_id":["lTKIywx9H3wrBGKSlI6ezw"],
        "latitude":[33.624446552],
        "longitude":[-111.927260592],
        "stars":[3.0],
        "review_count":[8]},
      {
        "business_id":["gMbYBPnxjaTIE6WWEYVZ4Q"],
        "latitude":[33.399883],
        "longitude":[-111.68413],
        "stars":[5.0],
        "review_count":[5]},
      {
        "business_id":["p2IV5kAtuFCu9cco3ivrVw"],
        "latitude":[33.5830305],
        "longitude":[-111.930903],
        "stars":[3.0],
        "review_count":[4]},
      {
        "business_id":["MpMQHwPYuah8tylkfmAWaw"],
        "latitude":[33.3249284602],
        "longitude":[-111.689799129],
        "stars":[2.5],
        "review_count":[10]},
      {
        "business_id":["eMdu5-3_L27zQHC4mAfafQ"],
        "latitude":[33.715094],
        "longitude":[-112.276265],
        "stars":[3.0],
        "review_count":[11]},
      {
        "business_id":["iGeJn_O91Ab7pdnhpPjxOA"],
        "latitude":[33.5823669],
        "longitude":[-112.1697708],
        "stars":[5.0],
        "review_count":[36]},
      {
        "business_id":["xdfbBZYLr4Jy2NupGygzYg"],
        "latitude":[33.4153522],
        "longitude":[-111.8379894],
        "stars":[4.5],
        "review_count":[18]},
      {
        "business_id":["jVZ7iweZ9mJmYav4RT2YuQ"],
        "latitude":[33.5104270502],
        "longitude":[-112.014030753],
        "stars":[5.0],
        "review_count":[3]},
      {
        "business_id":["0B8puK2E2M1hjhzJcpWlxA"],
        "latitude":[33.3026368],
        "longitude":[-111.8423478],
        "stars":[4.5],
        "review_count":[29]},
      {
        "business_id":["aSxI1Mujhbuhw4lNQ2dF_w"],
        "latitude":[33.3045312],
        "longitude":[-112.0159253],
        "stars":[3.0],
        "review_count":[4]},
      {
        "business_id":["FCOTWGfQ3ph1TUOUTlRoIQ"],
        "latitude":[33.4214488],
        "longitude":[-111.9447584],
        "stars":[3.5],
        "review_count":[9]},
      {
        "business_id":["8e1drk0-pBwSYsy8te5oMQ"],
        "latitude":[33.5100763],
        "longitude":[-112.0138228],
        "stars":[3.5],
        "review_count":[3]},
      {
        "business_id":["nQpJpfd1Vbha4o4Wy8J9UQ"],
        "latitude":[33.6312804],
        "longitude":[-112.0313417],
        "stars":[5.0],
        "review_count":[4]},
      {
        "business_id":["NHq7Ya_LBLMJg8WphCTo6w"],
        "latitude":[33.8738711],
        "longitude":[-112.1502262],
        "stars":[3.0],
        "review_count":[5]},
      {
        "business_id":["XKiCkP6OADojiNmwiczvow"],
        "latitude":[33.4928335],
        "longitude":[-111.9263964],
        "stars":[3.0],
        "review_count":[14]},
      {
        "business_id":["56bjDdA--L_BRHXxrBxhuA"],
        "latitude":[33.5026882],
        "longitude":[-111.9320913],
        "stars":[5.0],
        "review_count":[4]},
      {
        "business_id":["NZI3Ab-r-26Upc8Viwwi_A"],
        "latitude":[33.5252316],
        "longitude":[-112.064998],
        "stars":[5.0],
        "review_count":[8]},
      {
        "business_id":["2b1F1F5Zak1LaANzAvGKPQ"],
        "latitude":[33.681226],
        "longitude":[-112.223977],
        "stars":[5.0],
        "review_count":[6]},
      {
        "business_id":["2x9rbPW0ZmVHtPvhFbX-wQ"],
        "latitude":[33.7151321],
        "longitude":[-112.1130676],
        "stars":[4.5],
        "review_count":[6]},
      {
        "business_id":["s9ddB-mZ9Mysg7jwlSNLIA"],
        "latitude":[33.3108669169],
        "longitude":[-111.742833828],
        "stars":[2.5],
        "review_count":[15]},
      {
        "business_id":["Ye34sH17e0nqm7SyIPHNRw"],
        "latitude":[33.385025],
        "longitude":[-111.602739],
        "stars":[4.0],
        "review_count":[8]},
      {
        "business_id":["f8M24cyxjvZaoiVa3a-zbg"],
        "latitude":[33.503498],
        "longitude":[-112.065448],
        "stars":[5.0],
        "review_count":[4]},
      {
        "business_id":["J7RMVxoQprX5h7-BIVAVhQ"],
        "latitude":[33.7144779],
        "longitude":[-112.1119447],
        "stars":[3.5],
        "review_count":[3]},
      {
        "business_id":["QIKmpmC_Kasp1GMmyF_WEA"],
        "latitude":[33.4950866699],
        "longitude":[-111.98915863],
        "stars":[5.0],
        "review_count":[4]},
      {
        "business_id":["-hyAhwXmzqh1v5M6Vz4lyg"],
        "latitude":[33.509533097],
        "longitude":[-111.985122152],
        "stars":[4.5],
        "review_count":[6]},
      {
        "business_id":["W0qvThg93fRjYuCqeS1Nsw"],
        "latitude":[33.5834184121],
        "longitude":[-112.241864356],
        "stars":[4.5],
        "review_count":[33]},
      {
        "business_id":["h1-4nshFVK7GlOOmSQNN4Q"],
        "latitude":[33.6406184],
        "longitude":[-112.0319448],
        "stars":[3.0],
        "review_count":[7]},
      {
        "business_id":["Omxh9YOmShTHfXn5EBRxdw"],
        "latitude":[33.5178025],
        "longitude":[-112.0650181],
        "stars":[2.5],
        "review_count":[11]},
      {
        "business_id":["BWP6su_9AWDvWwNg02Whmg"],
        "latitude":[33.6804949],
        "longitude":[-112.239922],
        "stars":[3.0],
        "review_count":[4]},
      {
        "business_id":["JKkyw_9uZP-XN1puU-YM6w"],
        "latitude":[33.3062933675],
        "longitude":[-111.895357152],
        "stars":[3.5],
        "review_count":[18]},
      {
        "business_id":["eZ8GQDIyclbBdMKK3W41iw"],
        "latitude":[33.6380233],
        "longitude":[-112.0717802],
        "stars":[3.5],
        "review_count":[6]},
      {
        "business_id":["AOSU2nnGCsqNvDdp2guwvg"],
        "latitude":[33.479664],
        "longitude":[-111.9840708],
        "stars":[2.5],
        "review_count":[4]},
      {
        "business_id":["7N8QWN3GcgJTxPXZl2rn3A"],
        "latitude":[33.3194359],
        "longitude":[-111.9782914],
        "stars":[4.5],
        "review_count":[7]},
      {
        "business_id":["5SJ5kFXDsPxQqgq1YzJPgA"],
        "latitude":[33.337009],
        "longitude":[-111.875775],
        "stars":[4.5],
        "review_count":[7]},
      {
        "business_id":["FB6NwQHfcVKLHiT0cRMnGQ"],
        "latitude":[33.6419453],
        "longitude":[-112.226961],
        "stars":[4.5],
        "review_count":[13]},
      {
        "business_id":["gvBuwWEFkQ2-ITPheLtfwA"],
        "latitude":[33.5230563],
        "longitude":[-112.049338],
        "stars":[4.5],
        "review_count":[24]},
      {
        "business_id":["jBW-DaSCjbGThYArFaFOiA"],
        "latitude":[33.3062964],
        "longitude":[-111.887285],
        "stars":[4.5],
        "review_count":[34]},
      {
        "business_id":["PvjBb12HLJifv31sOEhlAQ"],
        "latitude":[33.4951571],
        "longitude":[-112.0035698],
        "stars":[4.0],
        "review_count":[4]},
      {
        "business_id":["LMDCy9kre37uDtoPoHjJxw"],
        "latitude":[33.4610562],
        "longitude":[-111.925815],
        "stars":[4.0],
        "review_count":[5]},
      {
        "business_id":["Xplq4GfZTTjfmckGo2BbRA"],
        "latitude":[33.4942939],
        "longitude":[-111.925171],
        "stars":[4.5],
        "review_count":[6]},
      {
        "business_id":["THQcdDr-9faO7nMUlfxLzw"],
        "latitude":[33.503997],
        "longitude":[-111.927854],
        "stars":[3.0],
        "review_count":[8]},
      {
        "business_id":["u0X8gUktUCn7BSwu1iFezg"],
        "latitude":[33.6394264],
        "longitude":[-112.2763421],
        "stars":[3.5],
        "review_count":[3]},
      {
        "business_id":["aWQB7NPnadCKwfmxNKewpg"],
        "latitude":[33.3777002],
        "longitude":[-111.8322785],
        "stars":[4.0],
        "review_count":[5]},
      {
        "business_id":["yuTsrm3e-dr0AXxKDwCeDQ"],
        "latitude":[33.639434],
        "longitude":[-112.362102],
        "stars":[4.0],
        "review_count":[17]},
      {
        "business_id":["e-RfvwhytiJfHXObsm4aBQ"],
        "latitude":[33.6668156],
        "longitude":[-112.2017445],
        "stars":[4.5],
        "review_count":[10]},
      {
        "business_id":["5uKVPlcIJ9kPX4ZLI0_lDw"],
        "latitude":[33.6396084],
        "longitude":[-112.1374082],
        "stars":[3.0],
        "review_count":[9]},
      {
        "business_id":["M-Dmj3U-u5WyV5JKUiM_rQ"],
        "latitude":[33.5827787],
        "longitude":[-111.892776],
        "stars":[5.0],
        "review_count":[53]},
      {
        "business_id":["MSFjJ8HW2dwNv--gXklOEg"],
        "latitude":[33.655737983],
        "longitude":[-111.929212508],
        "stars":[4.0],
        "review_count":[4]},
      {
        "business_id":["RksEyT-_CcEdzQmgEPb27A"],
        "latitude":[33.3209524564],
        "longitude":[-111.716652464],
        "stars":[2.0],
        "review_count":[8]},
      {
        "business_id":["Xy_jLP2AbHMRkxuFoD4kzw"],
        "latitude":[33.7428936],
        "longitude":[-111.9786464],
        "stars":[5.0],
        "review_count":[21]},
      {
        "business_id":["GQvOzVjJykuUf2WgPy39UQ"],
        "latitude":[33.619178],
        "longitude":[-111.895208],
        "stars":[3.0],
        "review_count":[26]},
      {
        "business_id":["h7yXNy3W7WALTjZyCs-cYQ"],
        "latitude":[33.40762],
        "longitude":[-111.812859],
        "stars":[5.0],
        "review_count":[11]},
      {
        "business_id":["zvrDB8T8Xud4GBuYUL9NRQ"],
        "latitude":[33.494709],
        "longitude":[-112.057142],
        "stars":[2.0],
        "review_count":[13]},
      {
        "business_id":["jJ4ocxVa5yyr--e8q6x0oA"],
        "latitude":[33.415741],
        "longitude":[-111.685704],
        "stars":[3.0],
        "review_count":[4]},
      {
        "business_id":["Jld_X6dDvo8qSi928w6EJw"],
        "latitude":[33.3308282],
        "longitude":[-111.8410014],
        "stars":[3.0],
        "review_count":[3]},
      {
        "business_id":["LjHewusDGKz9NJ3_KK4Wfw"],
        "latitude":[33.306838],
        "longitude":[-111.75252],
        "stars":[4.0],
        "review_count":[6]},
      {
        "business_id":["sH_ayQAF1yG0P8jWfnmimg"],
        "latitude":[33.5754217],
        "longitude":[-112.1178111],
        "stars":[2.5],
        "review_count":[10]},
      {
        "business_id":["_5HVzDRdS5bqOHIxGaaZwA"],
        "latitude":[33.3773559],
        "longitude":[-111.8134386],
        "stars":[4.0],
        "review_count":[11]},
      {
        "business_id":["WYy2PeHQJJNLIFpxFddHwQ"],
        "latitude":[33.4947137],
        "longitude":[-112.0038022],
        "stars":[3.5],
        "review_count":[24]},
      {
        "business_id":["dsBKxfZmZCx9T9Ro8Z-BbQ"],
        "latitude":[33.5029542],
        "longitude":[-111.9257117],
        "stars":[3.5],
        "review_count":[9]},
      {
        "business_id":["fRad5_dy8n-w1PjNMdOOqQ"],
        "latitude":[33.5025088],
        "longitude":[-111.9290233],
        "stars":[4.0],
        "review_count":[17]},
      {
        "business_id":["Obb1HBcOzgg0mNx4o4RZbQ"],
        "latitude":[33.366448109],
        "longitude":[-111.75488866],
        "stars":[2.5],
        "review_count":[8]},
      {
        "business_id":["RS9-ntmOcbMMUxFfhboaww"],
        "latitude":[33.4949862],
        "longitude":[-111.9798245],
        "stars":[5.0],
        "review_count":[19]},
      {
        "business_id":["mQMqGfEkyiv1SEac5lHnqg"],
        "latitude":[33.493759],
        "longitude":[-111.924742],
        "stars":[5.0],
        "review_count":[5]},
      {
        "business_id":["BgHctkgsK_JJISN_lc4deQ"],
        "latitude":[33.599608],
        "longitude":[-111.908827],
        "stars":[3.0],
        "review_count":[5]},
      {
        "business_id":["WBMjAjHYBGxaeMwR3WaA8Q"],
        "latitude":[33.3158443],
        "longitude":[-112.0041116],
        "stars":[3.5],
        "review_count":[3]},
      {
        "business_id":["LNrV_kp5z7w2GwaMTmECWg"],
        "latitude":[33.4623236],
        "longitude":[-111.9266485],
        "stars":[3.5],
        "review_count":[7]},
      {
        "business_id":["xdg1FeuIFk2XN4Nw-DF60A"],
        "latitude":[33.4978979496],
        "longitude":[-111.929281598],
        "stars":[5.0],
        "review_count":[6]},
      {
        "business_id":["y9xrabvHzo1qgv4UwAiYog"],
        "latitude":[33.640298],
        "longitude":[-112.175813],
        "stars":[3.5],
        "review_count":[22]},
      {
        "business_id":["kE6CxiUSMTKde0P_1zI0RQ"],
        "latitude":[33.3208185],
        "longitude":[-111.8415903],
        "stars":[5.0],
        "review_count":[7]},
      {
        "business_id":["dJuxA0paONof3QiMAN8d7Q"],
        "latitude":[33.5097244615],
        "longitude":[-112.074491261],
        "stars":[4.5],
        "review_count":[183]},
      {
        "business_id":["834GwOgJpBTg8j5dWe-hrg"],
        "latitude":[33.335548],
        "longitude":[-111.907832],
        "stars":[4.0],
        "review_count":[26]},
      {
        "business_id":["WnEm-Ur59QuTVm3dlGOQZQ"],
        "latitude":[33.501055],
        "longitude":[-112.074334],
        "stars":[2.5],
        "review_count":[8]},
      {
        "business_id":["_WXwi3B95Opw9loeN-V7rw"],
        "latitude":[33.6265814046],
        "longitude":[-111.923191428],
        "stars":[5.0],
        "review_count":[9]},
      {
        "business_id":["gYfUYox4FiyH7caSeGztsA"],
        "latitude":[33.5028371],
        "longitude":[-111.9294198],
        "stars":[4.0],
        "review_count":[5]},
      {
        "business_id":["9E9bnEWYgbnJrJCCAAdWkw"],
        "latitude":[33.4927684],
        "longitude":[-111.9247582],
        "stars":[4.0],
        "review_count":[21]},
      {
        "business_id":["s0c77sjAmiDtWgqpIzEGpw"],
        "latitude":[33.6053],
        "longitude":[-111.72],
        "stars":[4.5],
        "review_count":[8]},
      {
        "business_id":["SLy5mSUKeYzQ4Er--Q7vYA"],
        "latitude":[33.843457],
        "longitude":[-112.1347224],
        "stars":[4.5],
        "review_count":[8]},
      {
        "business_id":["Y0HHqGuouHMo9ETm0U5oCA"],
        "latitude":[33.310849],
        "longitude":[-111.742164],
        "stars":[3.0],
        "review_count":[11]},
      {
        "business_id":["oyZ1be3pj9I4ktTz_W0XnQ"],
        "latitude":[33.4657466],
        "longitude":[-112.3893444],
        "stars":[5.0],
        "review_count":[7]},
      {
        "business_id":["kytlCoKsMHZu0Ndze7fx2A"],
        "latitude":[33.4929088],
        "longitude":[-111.925754],
        "stars":[5.0],
        "review_count":[3]},
      {
        "business_id":["kr8E3EC4PW2cjf6vU94zZw"],
        "latitude":[33.3016651],
        "longitude":[-111.8980181],
        "stars":[4.0],
        "review_count":[78]},
      {
        "business_id":["dQQS9BMNOZ6l0eBsP_fTiQ"],
        "latitude":[33.3310882],
        "longitude":[-111.9781167],
        "stars":[4.0],
        "review_count":[4]},
      {
        "business_id":["s6VNO9NzXi-8Foeh6A8kow"],
        "latitude":[33.502503],
        "longitude":[-111.921752],
        "stars":[5.0],
        "review_count":[3]},
      {
        "business_id":["muvM0qJ-e5cFdIdWyvzhNQ"],
        "latitude":[33.554542],
        "longitude":[-112.258072],
        "stars":[2.5],
        "review_count":[17]},
      {
        "business_id":["JGJANXLpT_aXeDxljWgIzQ"],
        "latitude":[33.6735897],
        "longitude":[-111.9253291],
        "stars":[4.0],
        "review_count":[3]},
      {
        "business_id":["QJl-EAKJQjUZoBBQPKhCgg"],
        "latitude":[33.6789784],
        "longitude":[-112.0299674],
        "stars":[3.0],
        "review_count":[54]},
      {
        "business_id":["2d_3IaJlJWUJsWGHhuvcbQ"],
        "latitude":[33.5840239],
        "longitude":[-111.9273235],
        "stars":[4.5],
        "review_count":[11]},
      {
        "business_id":["OCCjwC1aVgWRTEOYbs56LA"],
        "latitude":[33.4934191],
        "longitude":[-111.9245211],
        "stars":[5.0],
        "review_count":[4]},
      {
        "business_id":["b5ypnNJzHDnsge9JOueLxA"],
        "latitude":[33.4928726],
        "longitude":[-111.9250539],
        "stars":[2.0],
        "review_count":[7]},
      {
        "business_id":["NHirZeTGl38aK2bDVVRhuw"],
        "latitude":[33.4937427],
        "longitude":[-111.9252747],
        "stars":[5.0],
        "review_count":[3]},
      {
        "business_id":["2yfl8OfyIhMzVG9l8HbuWg"],
        "latitude":[33.4599546],
        "longitude":[-112.1691528],
        "stars":[2.5],
        "review_count":[3]},
      {
        "business_id":["glOt6uRiE5emQMG55I_P9w"],
        "latitude":[33.5028371],
        "longitude":[-111.9294198],
        "stars":[3.0],
        "review_count":[10]},
      {
        "business_id":["MflXM7pDuRhZjfb482KUvg"],
        "latitude":[33.5030991],
        "longitude":[-111.9318166],
        "stars":[5.0],
        "review_count":[7]},
      {
        "business_id":["BToTTJatCcdzWRUihz1yVA"],
        "latitude":[33.5809114],
        "longitude":[-111.8811427],
        "stars":[4.5],
        "review_count":[21]},
      {
        "business_id":["B32jNfbIMR2REHTbYVskDQ"],
        "latitude":[33.5810243],
        "longitude":[-111.9790689],
        "stars":[2.0],
        "review_count":[4]},
      {
        "business_id":["UcFHDGa0Zsh8tpKbEdPnBQ"],
        "latitude":[33.6545340205],
        "longitude":[-111.925878484],
        "stars":[4.5],
        "review_count":[30]},
      {
        "business_id":["ACBC7mTesZDsykfMios-DA"],
        "latitude":[33.5257933],
        "longitude":[-112.0481312],
        "stars":[5.0],
        "review_count":[93]},
      {
        "business_id":["OJHuTXKr_6h1Z93zbiOYIg"],
        "latitude":[33.6697014],
        "longitude":[-112.2003486],
        "stars":[5.0],
        "review_count":[38]},
      {
        "business_id":["QndBy_JAPoBZ61sBHJV6Qw"],
        "latitude":[33.6246505],
        "longitude":[-111.9442454],
        "stars":[4.0],
        "review_count":[5]},
      {
        "business_id":["L78iGMh9aJo8lAH1CglhqQ"],
        "latitude":[33.6383974],
        "longitude":[-112.0681419],
        "stars":[5.0],
        "review_count":[27]},
      {
        "business_id":["5buqwkDZBTq9vi-8DsWYbg"],
        "latitude":[33.4255151],
        "longitude":[-112.0859533],
        "stars":[2.0],
        "review_count":[17]},
      {
        "business_id":["Ikeab75fcwNvoqjq96cVmQ"],
        "latitude":[33.4516206],
        "longitude":[-112.3597275],
        "stars":[4.5],
        "review_count":[11]},
      {
        "business_id":["sHuleksVZX_0Pm0Mbrb8Nw"],
        "latitude":[33.6369908],
        "longitude":[-112.3560649],
        "stars":[4.0],
        "review_count":[9]},
      {
        "business_id":["xwEdGft_817uRgjna1QP0g"],
        "latitude":[33.478451],
        "longitude":[-112.029875],
        "stars":[5.0],
        "review_count":[15]},
      {
        "business_id":["zUllYdlaiEYDHejElQIQiQ"],
        "latitude":[33.3841971],
        "longitude":[-111.8593691],
        "stars":[5.0],
        "review_count":[3]},
      {
        "business_id":["xygXDoKdN2f1zCK5YjEGfA"],
        "latitude":[33.3507719],
        "longitude":[-111.7899385],
        "stars":[5.0],
        "review_count":[4]},
      {
        "business_id":["61lG--xIHKFs2uCigkZiYw"],
        "latitude":[33.4743712],
        "longitude":[-111.927001],
        "stars":[5.0],
        "review_count":[3]},
      {
        "business_id":["F1BRDc5g2ZPqx5GfjTxYQQ"],
        "latitude":[33.37794],
        "longitude":[-111.687904],
        "stars":[3.0],
        "review_count":[10]},
      {
        "business_id":["smDrjWITlHi6J3JT2VkADA"],
        "latitude":[33.799964],
        "longitude":[-112.132333],
        "stars":[2.5],
        "review_count":[9]},
      {
        "business_id":["bLwCwzjkhC2NYmDMQFJMRA"],
        "latitude":[33.5377317],
        "longitude":[-112.0660296],
        "stars":[4.0],
        "review_count":[5]},
      {
        "business_id":["-okXTzo6nKWWd03JiMF5fg"],
        "latitude":[33.448011],
        "longitude":[-112.073593],
        "stars":[4.0],
        "review_count":[32]},
      {
        "business_id":["CM_yaLkGnEIdn5B6AnTJDQ"],
        "latitude":[33.8322103239],
        "longitude":[-111.946569565],
        "stars":[5.0],
        "review_count":[3]},
      {
        "business_id":["By4AfAgbsim3eD8JjhOMCA"],
        "latitude":[33.3158058],
        "longitude":[-112.0063127],
        "stars":[4.5],
        "review_count":[20]},
      {
        "business_id":["VkrcJHp3je00wwGgEMwuBA"],
        "latitude":[33.2767536],
        "longitude":[-111.7869143],
        "stars":[4.5],
        "review_count":[22]},
      {
        "business_id":["18gN_BCI-vS8JHAtDN9Ztg"],
        "latitude":[33.3047658],
        "longitude":[-111.8983877],
        "stars":[5.0],
        "review_count":[25]},
      {
        "business_id":["7weZRUSpVYgAhcbp0_ddRw"],
        "latitude":[33.6116106],
        "longitude":[-111.9271772],
        "stars":[5.0],
        "review_count":[3]},
      {
        "business_id":["WBIV2m_aLLB4TbThvVr2Ew"],
        "latitude":[33.441124],
        "longitude":[-111.927581],
        "stars":[4.0],
        "review_count":[5]},
      {
        "business_id":["Nf0axsXIyaDOTars2Zcmbw"],
        "latitude":[33.304667],
        "longitude":[-111.9945819],
        "stars":[5.0],
        "review_count":[4]},
      {
        "business_id":["SgbB4wxWlqaMZ3CSSZFebw"],
        "latitude":[33.464958],
        "longitude":[-111.987478],
        "stars":[2.5],
        "review_count":[17]},
      {
        "business_id":["6xCcXhHZiOUN_oottEQgrg"],
        "latitude":[33.4329724],
        "longitude":[-111.9043028],
        "stars":[3.5],
        "review_count":[8]},
      {
        "business_id":["HOxFZFlHMHkLuRz21h_5bw"],
        "latitude":[33.5105780617],
        "longitude":[-112.026514977],
        "stars":[3.0],
        "review_count":[3]},
      {
        "business_id":["YjGWC3SjKLR2aaRBBz5o3A"],
        "latitude":[33.5983039235],
        "longitude":[-111.983969278],
        "stars":[4.5],
        "review_count":[14]},
      {
        "business_id":["sVj8dDJLs4ICW0IygPvkjw"],
        "latitude":[33.6021872],
        "longitude":[-111.9836094],
        "stars":[2.0],
        "review_count":[11]},
      {
        "business_id":["k6uojJRuWKZEDUi0qqYbog"],
        "latitude":[33.6021872],
        "longitude":[-111.9836094],
        "stars":[2.5],
        "review_count":[8]},
      {
        "business_id":["jW8hEBHv5BjzzcH7EGhI2Q"],
        "latitude":[33.6420951],
        "longitude":[-112.2256801],
        "stars":[2.0],
        "review_count":[4]},
      {
        "business_id":["6kCfoKOuDeSDZFNQuVElzw"],
        "latitude":[33.322525],
        "longitude":[-111.842008],
        "stars":[3.0],
        "review_count":[8]},
      {
        "business_id":["Xfyod6_75_yVNO4tJrHOQQ"],
        "latitude":[33.4408549144],
        "longitude":[-112.340778336],
        "stars":[1.0],
        "review_count":[3]},
      {
        "business_id":["TbqVgdx5tS54PxLq74Y8iA"],
        "latitude":[33.8649517],
        "longitude":[-112.139207],
        "stars":[5.0],
        "review_count":[4]},
      {
        "business_id":["8n-M6oLMjo30sHIEKUZzMQ"],
        "latitude":[33.5273218],
        "longitude":[-111.917327],
        "stars":[4.5],
        "review_count":[7]},
      {
        "business_id":["fZfaAPXwdahCuz-kgvt0xg"],
        "latitude":[33.3905976],
        "longitude":[-111.6896749],
        "stars":[3.5],
        "review_count":[4]},
      {
        "business_id":["cqJNu4gGWI99M970dd1ZBw"],
        "latitude":[33.641762],
        "longitude":[-112.101823],
        "stars":[3.0],
        "review_count":[22]},
      {
        "business_id":["2AakVxZwtlowDcUmjH_x2A"],
        "latitude":[33.5794954469],
        "longitude":[-111.925621042],
        "stars":[3.5],
        "review_count":[44]},
      {
        "business_id":["uyiuv36RuwgcTV8uqNdqaw"],
        "latitude":[33.4941704],
        "longitude":[-111.9260519],
        "stars":[5.0],
        "review_count":[22]},
      {
        "business_id":["d8SWJ-jqoQosKans_IF_9A"],
        "latitude":[33.3193026],
        "longitude":[-111.9294582],
        "stars":[3.5],
        "review_count":[23]},
      {
        "business_id":["nUchNY5DITP4HC_GvTkfPA"],
        "latitude":[33.3919292],
        "longitude":[-111.9622709],
        "stars":[3.5],
        "review_count":[40]},
      {
        "business_id":["0GKP-iL2-0FrargRMjmCfw"],
        "latitude":[33.302287],
        "longitude":[-111.898609],
        "stars":[5.0],
        "review_count":[5]},
      {
        "business_id":["waw-t98gJ4ppxOW1xApk1Q"],
        "latitude":[33.4959019],
        "longitude":[-111.9287431],
        "stars":[5.0],
        "review_count":[3]},
      {
        "business_id":["cYOxL9jqy_osDnD57EmO7g"],
        "latitude":[33.3181573],
        "longitude":[-111.9659168],
        "stars":[5.0],
        "review_count":[33]},
      {
        "business_id":["HFerE7lNGoCgNgD1E8NzZQ"],
        "latitude":[33.6227356],
        "longitude":[-111.8739311],
        "stars":[4.5],
        "review_count":[13]},
      {
        "business_id":["aOLrbkAI69EE8KocHJrMzQ"],
        "latitude":[33.390567],
        "longitude":[-111.6903269],
        "stars":[4.5],
        "review_count":[3]},
      {
        "business_id":["lCNDRVwDu43fNu0d2nOi6w"],
        "latitude":[33.304827],
        "longitude":[-111.758174],
        "stars":[2.5],
        "review_count":[20]},
      {
        "business_id":["4_is86ZOnM9JcpBvsB04pw"],
        "latitude":[33.4979319],
        "longitude":[-111.9286136],
        "stars":[2.5],
        "review_count":[3]},
      {
        "business_id":["RAL9OMgfDymE8BfOOZ8VFg"],
        "latitude":[33.5026936],
        "longitude":[-111.9269484],
        "stars":[4.5],
        "review_count":[22]},
      {
        "business_id":["A1mGOFUIrVRJ_r7wpQV-0Q"],
        "latitude":[33.383123],
        "longitude":[-111.964485],
        "stars":[4.5],
        "review_count":[35]},
      {
        "business_id":["vyhcFZvohvQndX4QORA6xQ"],
        "latitude":[33.3831468],
        "longitude":[-111.9647254],
        "stars":[4.0],
        "review_count":[3]},
      {
        "business_id":["8zuMtbouzf5aBtoBoPLhzA"],
        "latitude":[33.5843244],
        "longitude":[-111.9269347],
        "stars":[4.0],
        "review_count":[24]},
      {
        "business_id":["i96QcpDEgQdys19Z-I4WrQ"],
        "latitude":[33.49577],
        "longitude":[-111.929344],
        "stars":[5.0],
        "review_count":[3]},
      {
        "business_id":["RwMs8Tlcp2ywC70xaJ3r3Q"],
        "latitude":[33.5028371],
        "longitude":[-111.9294198],
        "stars":[4.0],
        "review_count":[9]},
      {
        "business_id":["sv4-DOMxJAjURdRz_9NXnQ"],
        "latitude":[33.234155],
        "longitude":[-111.790934],
        "stars":[4.0],
        "review_count":[12]},
      {
        "business_id":["tMrEBWC_qBmZFSxY8pKKjg"],
        "latitude":[33.6392137],
        "longitude":[-112.1902073],
        "stars":[4.5],
        "review_count":[3]},
      {
        "business_id":["lrW53ODIExXih1PLyQXW0A"],
        "latitude":[33.3007164],
        "longitude":[-111.8990202],
        "stars":[2.0],
        "review_count":[9]},
      {
        "business_id":["-BAXsDdm_jKJBpsmPi8FKQ"],
        "latitude":[33.2874689244],
        "longitude":[-111.973759979],
        "stars":[1.5],
        "review_count":[3]},
      {
        "business_id":["tgnxYHq6aEq6MBA6d_IHdQ"],
        "latitude":[33.3344689],
        "longitude":[-111.8048199],
        "stars":[5.0],
        "review_count":[8]},
      {
        "business_id":["dFI-8gP6KvkApYm9o9Lq8A"],
        "latitude":[33.383123],
        "longitude":[-111.964485],
        "stars":[4.5],
        "review_count":[5]},
      {
        "business_id":["j1C4arozKRq6rHSHD1wtig"],
        "latitude":[33.3074641],
        "longitude":[-111.7585504],
        "stars":[4.5],
        "review_count":[23]},
      {
        "business_id":["d0n9Z_VSzXBJCvMYcuELNw"],
        "latitude":[33.3479845],
        "longitude":[-111.9121957],
        "stars":[2.0],
        "review_count":[5]},
      {
        "business_id":["Ox89ZUGjgdkcjJLvwM0v6Q"],
        "latitude":[33.5981674],
        "longitude":[-112.150726],
        "stars":[5.0],
        "review_count":[8]},
      {
        "business_id":["dHIOXWFlos4M89W72uPUkQ"],
        "latitude":[33.715328],
        "longitude":[-112.112783],
        "stars":[4.0],
        "review_count":[20]},
      {
        "business_id":["ErT9j5ad5au9Hf7clulylw"],
        "latitude":[33.519588],
        "longitude":[-111.909524],
        "stars":[4.0],
        "review_count":[5]},
      {
        "business_id":["t6WScIDNZIhewtGwN3mgIg"],
        "latitude":[33.5028371],
        "longitude":[-111.9294198],
        "stars":[4.5],
        "review_count":[3]},
      {
        "business_id":["yPgEjGIM8xb-AHYXAcH8uQ"],
        "latitude":[33.393348],
        "longitude":[-111.926796],
        "stars":[4.0],
        "review_count":[6]},
      {
        "business_id":["EF4bWw_negEiNO-LzpUR4w"],
        "latitude":[33.6087167],
        "longitude":[-112.0366001],
        "stars":[4.5],
        "review_count":[3]},
      {
        "business_id":["3g-zUOniChdYqNJ4l_PMmw"],
        "latitude":[33.3193648],
        "longitude":[-111.9671696],
        "stars":[3.0],
        "review_count":[20]},
      {
        "business_id":["MR0h8i1xQizd1gVwTL-3LQ"],
        "latitude":[33.4921841],
        "longitude":[-111.9312958],
        "stars":[5.0],
        "review_count":[12]},
      {
        "business_id":["IBJ0ICw6ffdnEIBhpKHO2g"],
        "latitude":[33.4983585],
        "longitude":[-111.9286368],
        "stars":[3.0],
        "review_count":[3]},
      {
        "business_id":["BrvXTIWCs8D4VAOrLlORTA"],
        "latitude":[33.2899714],
        "longitude":[-111.7208086],
        "stars":[2.5],
        "review_count":[9]},
      {
        "business_id":["gEkxqpLqYcSak1RrucYTpQ"],
        "latitude":[33.3344883],
        "longitude":[-111.8428221],
        "stars":[4.0],
        "review_count":[12]},
      {
        "business_id":["K_hlR0YURfkPsknMai8LHQ"],
        "latitude":[33.6704062],
        "longitude":[-112.1880727],
        "stars":[5.0],
        "review_count":[17]},
      {
        "business_id":["G4sr79sv2Q3iWHz-m9Isng"],
        "latitude":[33.6415373],
        "longitude":[-112.2264227],
        "stars":[1.0],
        "review_count":[3]},
      {
        "business_id":["pcVWyj1gCbCKZH4OHiMtKw"],
        "latitude":[33.637725],
        "longitude":[-112.216258],
        "stars":[3.5],
        "review_count":[3]},
      {
        "business_id":["xoIjV2c-u9QvEasOD6hziQ"],
        "latitude":[33.542287],
        "longitude":[-111.925685],
        "stars":[5.0],
        "review_count":[9]},
      {
        "business_id":["QtcLnUHm_FJ2aJfjDHzNow"],
        "latitude":[33.6697700281],
        "longitude":[-112.200538279],
        "stars":[4.0],
        "review_count":[16]},
      {
        "business_id":["Fu-pvVlBuXWbojOoSi2wow"],
        "latitude":[33.5459642325],
        "longitude":[-111.968365831],
        "stars":[3.5],
        "review_count":[5]},
      {
        "business_id":["CdYPZkwgGAJPhtkybY74Rw"],
        "latitude":[33.4763414896],
        "longitude":[-112.223861217],
        "stars":[3.5],
        "review_count":[5]},
      {
        "business_id":["x9oWfIuApx2GDWrwGOSnnQ"],
        "latitude":[33.6390978],
        "longitude":[-112.1971327],
        "stars":[1.0],
        "review_count":[3]},
      {
        "business_id":["Dxhb72jSpRbgp94xob710Q"],
        "latitude":[33.6255882],
        "longitude":[-112.1875066],
        "stars":[5.0],
        "review_count":[28]},
      {
        "business_id":["GgZMj0v9kSfrbBLIsjxgHQ"],
        "latitude":[33.3777928],
        "longitude":[-111.9387699],
        "stars":[4.0],
        "review_count":[3]},
      {
        "business_id":["kZDxo-o253vgSBhoP9sPtw"],
        "latitude":[33.6227356],
        "longitude":[-111.8739311],
        "stars":[3.0],
        "review_count":[12]},
      {
        "business_id":["RnS_Nwss0pJZFQQcWGhmQg"],
        "latitude":[33.6356253],
        "longitude":[-111.9224665],
        "stars":[2.5],
        "review_count":[3]},
      {
        "business_id":["UA-ZNEIX8t_c8Kk5XFd4UA"],
        "latitude":[33.615989],
        "longitude":[-111.898759],
        "stars":[5.0],
        "review_count":[53]},
      {
        "business_id":["K37DnVp2RURyGE1ab-4o4w"],
        "latitude":[33.3931615],
        "longitude":[-111.8615213],
        "stars":[5.0],
        "review_count":[11]},
      {
        "business_id":["bTRftYtmCvCYrek8UAIcVA"],
        "latitude":[33.3788939],
        "longitude":[-111.8782251],
        "stars":[4.5],
        "review_count":[91]},
      {
        "business_id":["0xj7H2dIzk8Qc65zx5yPtw"],
        "latitude":[33.390567],
        "longitude":[-111.6903269],
        "stars":[2.0],
        "review_count":[5]},
      {
        "business_id":["puk8IRttn2bKxBGp3jisUg"],
        "latitude":[33.6396405],
        "longitude":[-112.3043436],
        "stars":[5.0],
        "review_count":[6]},
      {
        "business_id":["4vysIzRNf3XMbJNexoSt_A"],
        "latitude":[33.4933956],
        "longitude":[-111.9245207],
        "stars":[3.5],
        "review_count":[3]},
      {
        "business_id":["M4A_kggMi32YXNFq6QtvZA"],
        "latitude":[33.3916892],
        "longitude":[-111.858048],
        "stars":[1.0],
        "review_count":[4]},
      {
        "business_id":["Tp5bR1WX1C8g74rYRR_AIQ"],
        "latitude":[33.3622744],
        "longitude":[-111.9112371],
        "stars":[4.5],
        "review_count":[12]},
      {
        "business_id":["etI9CKsanoMd4Lt0Teuajw"],
        "latitude":[33.4156789],
        "longitude":[-111.874896],
        "stars":[4.5],
        "review_count":[16]},
      {
        "business_id":["qF57Q9uHQbxXDhKqZ-5a4g"],
        "latitude":[33.3899269104],
        "longitude":[-111.860824585],
        "stars":[5.0],
        "review_count":[4]},
      {
        "business_id":["e_zHQFIfDDw62ZfFJrgK6w"],
        "latitude":[33.5240205],
        "longitude":[-112.0474718],
        "stars":[4.0],
        "review_count":[46]},
      {
        "business_id":["h42u8oFjAHLxRSVtPSYkXQ"],
        "latitude":[33.458097],
        "longitude":[-112.078064],
        "stars":[3.5],
        "review_count":[5]},
      {
        "business_id":["iBapa2qsAbplgk_hYMqKCA"],
        "latitude":[33.5363064],
        "longitude":[-111.8872914],
        "stars":[4.5],
        "review_count":[5]},
      {
        "business_id":["1_i24y-C4m2ILoEQoiHufA"],
        "latitude":[33.6415373],
        "longitude":[-112.2264227],
        "stars":[2.0],
        "review_count":[19]},
      {
        "business_id":["EPDq_V3hz5LPQd_2cuzjOw"],
        "latitude":[33.3511535],
        "longitude":[-111.8423959],
        "stars":[3.0],
        "review_count":[4]},
      {
        "business_id":["XZU4x53NepCnqCCEjGZnsA"],
        "latitude":[33.4153765],
        "longitude":[-111.8146647],
        "stars":[3.5],
        "review_count":[3]},
      {
        "business_id":["37P6KbrUon36_smJZsEofQ"],
        "latitude":[33.568294],
        "longitude":[-112.064161],
        "stars":[3.5],
        "review_count":[3]},
      {
        "business_id":["Dkt0aboVj50Gv8EnYPgsdQ"],
        "latitude":[33.4329528],
        "longitude":[-111.8449346],
        "stars":[1.0],
        "review_count":[4]},
      {
        "business_id":["elttTimQjjDp8aaZkdUDOg"],
        "latitude":[33.493011],
        "longitude":[-111.9251812],
        "stars":[5.0],
        "review_count":[3]},
      {
        "business_id":["K6TzkahOtoeIaSPiKYy_0Q"],
        "latitude":[33.4981804],
        "longitude":[-111.928922],
        "stars":[5.0],
        "review_count":[8]},
      {
        "business_id":["QCLKvQSKuw3SF4wVktErqQ"],
        "latitude":[33.5028371],
        "longitude":[-111.9294198],
        "stars":[3.5],
        "review_count":[8]},
      {
        "business_id":["DmC7U-FIFGo8P_K_ETurdQ"],
        "latitude":[33.452718],
        "longitude":[-112.069182],
        "stars":[5.0],
        "review_count":[4]},
      {
        "business_id":["czFr5F-Dxy15mQsmUgZ-gA"],
        "latitude":[33.383123],
        "longitude":[-111.964485],
        "stars":[2.5],
        "review_count":[3]},
      {
        "business_id":["j851KIsadLJWQxqixXXI9w"],
        "latitude":[33.383123],
        "longitude":[-111.964485],
        "stars":[3.0],
        "review_count":[7]},
      {
        "business_id":["Ultexbt6dRpNJi2Il-aBxQ"],
        "latitude":[33.7148650299],
        "longitude":[-112.111462243],
        "stars":[5.0],
        "review_count":[4]},
      {
        "business_id":["4_QptQBr500iB7J1-9-pFw"],
        "latitude":[33.4810193628],
        "longitude":[-111.910021497],
        "stars":[5.0],
        "review_count":[106]},
      {
        "business_id":["K141mTgWaKx8qlQkBG1huQ"],
        "latitude":[33.5095939554],
        "longitude":[-112.074560659],
        "stars":[4.0],
        "review_count":[126]},
      {
        "business_id":["T-p14DRsdJ2luGX3ojztLQ"],
        "latitude":[33.2857886795],
        "longitude":[-111.84362853],
        "stars":[3.5],
        "review_count":[22]},
      {
        "business_id":["3EBf79vbBZK7DQamf83_cQ"],
        "latitude":[33.511286],
        "longitude":[-112.028047],
        "stars":[3.5],
        "review_count":[50]},
      {
        "business_id":["0sHA_8JfYHU1R4hco3Ycqw"],
        "latitude":[33.302569],
        "longitude":[-111.842542],
        "stars":[4.5],
        "review_count":[9]},
      {
        "business_id":["vEoha9eFCAP3AikuOmSusA"],
        "latitude":[33.5260219],
        "longitude":[-111.9245688],
        "stars":[5.0],
        "review_count":[5]},
      {
        "business_id":["Sz0GgvFzQnyvelTG4EXLZw"],
        "latitude":[33.6250259],
        "longitude":[-111.928576],
        "stars":[5.0],
        "review_count":[3]},
      {
        "business_id":["VeXmVH-gLf1wvB35sKlbsQ"],
        "latitude":[33.382895],
        "longitude":[-111.75457],
        "stars":[3.0],
        "review_count":[22]},
      {
        "business_id":["rRVw3Gmiij1qQkumF3_dmg"],
        "latitude":[33.4155678],
        "longitude":[-111.7411099],
        "stars":[3.5],
        "review_count":[3]}]
  }}